rngRun,flow,nStations,distance,linksNumber,loss,jitter,latency,throughput,rxBytes,txBytes,rxPackets,txPackets,timeFirstRxPacket,timeFirstTxPacket,timeLastRxPacket,timeLastTxPacket,jitterSum,delaySum,rateAdaptationManager,scenario,MLOn
1,1,1,1,3,52.161,0.000235848,1.41888,52.1669,820143304,1714380856,536743,1121977,1.01766,1.01766,120.963,120.963,126.589,761575,ns3::ThompsonSamplingWifiManager,2,0
1,2,1,1,3,52.5077,0.000240002,1.42012,51.825,814199384,1714380856,532853,1121977,1.13794,1.13794,121,121,127.886,756714,ns3::ThompsonSamplingWifiManager,2,0
1,3,1,1,3,5.22667,1.87211e-05,0.173815,103.308,1624775880,1714380856,1063335,1121977,1.00827,1.00827,121,121,19.9068,184824,ns3::ThompsonSamplingWifiManager,2,0
1,4,1,1,3,7.56869,2.43778e-05,0.333842,100.758,1584624624,1714380856,1037058,1121977,1.01155,1.01155,121,121,25.2812,346213,ns3::ThompsonSamplingWifiManager,2,0
1,1,1,1,3,50.5325,0.000221076,1.43409,53.9316,848061392,1714380856,555014,1121977,1.02963,1.02963,121,121,122.7,795941,ns3::ThompsonSamplingWifiManager,3,0
1,2,1,1,3,50.4189,0.00022027,1.42547,54.0672,850008064,1714380856,556288,1121977,1.05163,1.05163,120.996,120.996,122.533,792970,ns3::ThompsonSamplingWifiManager,3,0
1,3,1,1,3,4.05525,1.60941e-05,0.123929,104.585,1644858384,1714380856,1076478,1121977,1.00818,1.00818,121,121,17.3249,133407,ns3::ThompsonSamplingWifiManager,3,0
1,4,1,1,3,6.09531,2.08613e-05,0.222295,102.364,1609883992,1714380856,1053589,1121977,1.01146,1.01146,121,121,21.9792,234208,ns3::ThompsonSamplingWifiManager,3,0
1,1,1,1,3,80.9673,0.000719679,2.68291,20.7482,326292176,1714380856,213542,1121977,1.01768,1.01768,120.999,120.999,153.681,572914,ns3::ThompsonSamplingWifiManager,1,0
1,2,1,1,3,83.2129,0.000866226,2.86775,18.3295,287794216,1714380856,188347,1121977,1.20917,1.20917,120.999,120.999,163.15,540131,ns3::ThompsonSamplingWifiManager,1,0
1,3,1,1,3,54.4464,7.18921e-05,1.53355,49.6557,780962328,1714380856,511101,1121977,1.00827,1.00827,121,121,36.7441,783801,ns3::ThompsonSamplingWifiManager,1,0
1,4,1,1,3,57.6698,0.000102185,1.64495,46.1433,725700680,1714380856,474935,1121977,1.01154,1.01154,121,121,48.531,781245,ns3::ThompsonSamplingWifiManager,1,0
1,1,1,1,3,60.4484,0.00033104,1.69283,43.1232,678065280,1714380856,443760,1121977,1.01766,1.01766,120.981,120.981,146.902,751208,ns3::ThompsonSamplingWifiManager,6,0
1,2,1,1,3,91.4709,0.00178284,3.35813,9.30063,146221960,1714380856,95695,1121977,1.03864,1.03864,120.986,120.986,170.607,321356,ns3::ThompsonSamplingWifiManager,6,0
1,3,1,1,3,58.7299,0.000310123,1.62913,45.0228,707526648,1714380856,463041,1121977,1.10345,1.10345,120.998,120.998,143.6,754353,ns3::ThompsonSamplingWifiManager,6,0
1,4,1,1,3,91.9008,0.00173357,3.34883,8.84596,138850888,1714380856,90871,1121977,1.2449,1.2449,121,121,157.529,304311,ns3::ThompsonSamplingWifiManager,6,0
1,5,1,1,3,22.5694,6.90942e-05,1.04473,84.4066,1327456112,1714380856,868754,1121977,1.00854,1.00854,120.995,120.995,60.0258,907614,ns3::ThompsonSamplingWifiManager,6,0
1,6,1,1,3,82.1147,0.000946935,2.71929,19.4972,306622232,1714380856,200669,1121977,1.01676,1.01676,121,121,190.02,545678,ns3::ThompsonSamplingWifiManager,6,0
1,7,1,1,3,13.7899,4.02555e-05,0.887183,93.9763,1477970224,1714380856,967258,1121977,1.01198,1.01198,121,121,38.9374,858135,ns3::ThompsonSamplingWifiManager,6,0
1,8,1,1,3,93.5783,0.00177296,3.30054,7.01843,110092400,1714380856,72050,1121977,1.13397,1.13397,120.81,120.81,127.74,237804,ns3::ThompsonSamplingWifiManager,6,0
1,1,1,1,3,83.6067,0.000891049,2.85781,17.8796,281043512,1714380856,183929,1121977,1.01895,1.01895,120.943,120.943,163.889,525634,ns3::ThompsonSamplingWifiManager,4,0
1,2,1,1,3,83.1376,0.00101501,2.74579,18.3953,289085376,1714380856,189192,1121977,1.03519,1.03519,120.932,120.932,192.03,519482,ns3::ThompsonSamplingWifiManager,4,0
1,3,1,1,3,86.0101,0.001079,3.03455,15.292,239839464,1714380856,156963,1121977,1.34081,1.34081,121,121,169.362,476312,ns3::ThompsonSamplingWifiManager,4,0
1,4,1,1,3,85.599,0.00116694,2.88665,15.7567,246888128,1714380856,161576,1121977,1.45543,1.45543,120.999,120.999,188.548,466413,ns3::ThompsonSamplingWifiManager,4,0
1,5,1,1,3,69.3609,0.000304424,2.04195,33.3996,525271392,1714380856,343764,1121977,1.00887,1.00887,120.996,120.996,104.65,701950,ns3::ThompsonSamplingWifiManager,4,0
1,6,1,1,3,68.6731,0.000470584,2.00015,34.15,537062968,1714380856,351481,1121977,1.01516,1.01516,121,121,165.401,703014,ns3::ThompsonSamplingWifiManager,4,0
1,7,1,1,3,74.8887,0.000443301,2.30097,27.3753,430503304,1714380856,281743,1121977,1.01708,1.01708,120.997,120.997,124.896,648283,ns3::ThompsonSamplingWifiManager,4,0
1,8,1,1,3,64.2899,0.000383927,1.83554,38.9273,612206952,1714380856,400659,1121977,1.0129,1.0129,121,121,153.824,735424,ns3::ThompsonSamplingWifiManager,4,0
1,1,1,1,3,79.092,0.000623085,2.54556,22.7926,358442824,1714380856,234583,1121977,1.01768,1.01768,121,121,146.165,597145,ns3::ThompsonSamplingWifiManager,5,0
1,2,1,1,3,97.5882,0.00268482,3.25987,2.63622,41347680,1714380856,27060,1121977,1.0559,1.0559,120.719,120.719,72.6485,88212.1,ns3::ThompsonSamplingWifiManager,5,0
1,3,1,1,3,80.3551,0.000687729,2.63332,21.4525,336788008,1714380856,220411,1121977,1.21572,1.21572,120.991,120.991,151.582,580413,ns3::ThompsonSamplingWifiManager,5,0
1,4,1,1,3,97.8878,0.0026785,3.23615,2.30988,36210544,1714380856,23698,1121977,1.30663,1.30663,120.908,120.908,63.4724,76690.4,ns3::ThompsonSamplingWifiManager,5,0
1,5,1,1,3,56.3645,9.29802e-05,1.59922,47.565,748078240,1714380856,489580,1121977,1.00855,1.00855,121,121,45.5212,782945,ns3::ThompsonSamplingWifiManager,5,0
1,6,1,1,3,95.8848,0.00200584,3.40612,4.51354,70550816,1714380856,46172,1121977,1.02319,1.02319,120.278,120.278,92.6115,157267,ns3::ThompsonSamplingWifiManager,5,0
1,7,1,1,3,64.2443,0.000195149,1.85082,38.9796,612989288,1714380856,401171,1121977,1.01191,1.01191,120.991,120.991,78.288,742497,ns3::ThompsonSamplingWifiManager,5,0
1,8,1,1,3,86.9361,0.00118317,2.94063,14.2425,223965072,1714380856,146574,1121977,1.02645,1.02645,121,121,173.421,431021,ns3::ThompsonSamplingWifiManager,5,0
1,1,1,1,3,84.6504,0.000973698,2.9336,16.7388,263150632,1714380856,172219,1121977,1.01768,1.01768,120.96,120.96,167.688,505221,ns3::ThompsonSamplingWifiManager,7,0
1,2,1,1,3,84.1194,0.00107578,2.79862,17.3205,272254456,1714380856,178177,1121977,1.04021,1.04021,120.964,120.964,191.678,498649,ns3::ThompsonSamplingWifiManager,7,0
1,3,1,1,3,99.0243,0.00408886,3.53109,1.07719,16727016,1714380856,10947,1121977,1.16099,1.16099,119.633,119.633,44.7567,38654.8,ns3::ThompsonSamplingWifiManager,7,0
1,4,1,1,3,85.3127,0.00102192,2.99726,16.0629,251796064,1714380856,164788,1121977,1.40361,1.40361,120.999,120.999,168.399,493912,ns3::ThompsonSamplingWifiManager,7,0
1,5,1,1,3,84.8832,0.00111115,2.86493,16.5424,259159496,1714380856,169607,1121977,1.47532,1.47532,121,121,188.457,485913,ns3::ThompsonSamplingWifiManager,7,0
1,6,1,1,3,99.503,0.00560725,3.90151,0.546755,8520128,1714380856,5576,1121977,2.06802,2.06802,120.957,120.957,31.2604,21754.8,ns3::ThompsonSamplingWifiManager,7,0
1,7,1,1,3,69.5502,0.000308445,2.04997,33.1926,522025920,1714380856,341640,1121977,1.00894,1.00894,120.998,120.998,105.377,700350,ns3::ThompsonSamplingWifiManager,7,0
1,8,1,1,3,69.6344,0.000491851,2.03809,33.1025,520581960,1714380856,340695,1121977,1.01731,1.01731,121,121,167.571,694368,ns3::ThompsonSamplingWifiManager,7,0
1,9,1,1,3,98.6077,0.00271842,3.81517,1.54991,23868888,1714380856,15621,1121977,1.91062,1.91062,119.405,119.405,42.4617,59596.7,ns3::ThompsonSamplingWifiManager,7,0
1,10,1,1,3,76.9474,0.000517762,2.41365,25.1294,395209560,1714380856,258645,1121977,1.01233,1.01233,121,121,133.916,624279,ns3::ThompsonSamplingWifiManager,7,0
1,11,1,1,3,67.6009,0.000444719,1.95827,35.3203,555443280,1714380856,363510,1121977,1.01653,1.01653,120.996,120.996,161.659,711849,ns3::ThompsonSamplingWifiManager,7,0
1,12,1,1,3,91.9476,0.001712,3.12216,8.82658,138048688,1714380856,90346,1121977,1.10689,1.10689,120.432,120.432,154.67,282075,ns3::ThompsonSamplingWifiManager,7,0
1,1,1,1,3,84.3935,0.000945257,2.88649,17.0132,267554328,1714380856,175101,1121977,1.01737,1.01737,120.999,120.999,165.514,505428,ns3::ThompsonSamplingWifiManager,8,0
1,2,1,1,3,83.7265,0.00103075,2.73614,17.743,278989880,1714380856,182585,1121977,1.03583,1.03583,121,121,188.198,499578,ns3::ThompsonSamplingWifiManager,8,0
1,3,1,1,3,99.0572,0.00376498,3.22435,1.05935,16163184,1714380856,10578,1121977,2.5762,2.5762,118.983,118.983,39.8222,34107.2,ns3::ThompsonSamplingWifiManager,8,0
1,4,1,1,3,100,0,0,0,0,1714380856,0,1121977,0,0,0,0,0,0,ns3::ThompsonSamplingWifiManager,8,0
1,5,1,1,3,85.7985,0.00103438,3.02332,15.8597,243468464,1714380856,159338,1121977,3.86339,3.86339,120.985,120.985,164.816,481730,ns3::ThompsonSamplingWifiManager,8,0
1,6,1,1,3,85.0993,0.00112221,2.85662,16.6483,255454096,1714380856,167182,1121977,3.90816,3.90816,120.974,120.974,187.613,477576,ns3::ThompsonSamplingWifiManager,8,0
1,7,1,1,3,99.3931,0.00496073,3.78025,0.684862,10404152,1714380856,6809,1121977,4.16862,4.16862,120.071,120.071,33.7726,25739.8,ns3::ThompsonSamplingWifiManager,8,0
1,8,1,1,3,100,0,0,0,0,1714380856,0,1121977,0,0,0,0,0,0,ns3::ThompsonSamplingWifiManager,8,0
1,9,1,1,3,69.6611,0.000312143,2.05359,33.0711,520123560,1714380856,340395,1121977,1.00918,1.00918,121,121,106.251,699031,ns3::ThompsonSamplingWifiManager,8,0
1,10,1,1,3,69.4579,0.000487475,2.03559,33.2948,523607400,1714380856,342675,1121977,1.01547,1.01547,120.998,120.998,167.045,697544,ns3::ThompsonSamplingWifiManager,8,0
1,11,1,1,3,98.5493,0.00236799,3.06377,1.61858,24871256,1714380856,16277,1121977,1.71326,1.71326,118.948,118.948,38.5414,49869,ns3::ThompsonSamplingWifiManager,8,0
1,12,1,1,3,100,0,0,0,0,1714380856,0,1121977,0,0,0,0,0,0,ns3::ThompsonSamplingWifiManager,8,0
1,13,1,1,3,77.0587,0.000522869,2.42107,25.0089,393301088,1714380856,257396,1121977,1.01232,1.01232,120.995,120.995,134.584,623174,ns3::ThompsonSamplingWifiManager,8,0
1,14,1,1,3,67.4889,0.000441276,1.9494,35.4412,557363976,1714380856,364767,1121977,1.01652,1.01652,121,121,160.962,711077,ns3::ThompsonSamplingWifiManager,8,0
1,15,1,1,3,91.6854,0.00163645,3.19977,9.0866,142544064,1714380856,93288,1121977,1.0928,1.0928,120.777,120.777,152.659,298500,ns3::ThompsonSamplingWifiManager,8,0
1,16,1,1,3,100,0,0,0,0,1714380856,0,1121977,0,0,0,0,0,0,ns3::ThompsonSamplingWifiManager,8,0
2,1,1,1,3,52.1265,0.000234992,1.46654,52.2588,820734640,1714380856,537130,1121977,1.13736,1.13736,120.959,120.959,126.221,787724,ns3::ThompsonSamplingWifiManager,2,0
2,2,1,1,3,52.5964,0.000242616,1.40472,51.6743,812677496,1714380856,531857,1121977,1.01295,1.01295,121,121,129.037,747111,ns3::ThompsonSamplingWifiManager,2,0
2,3,1,1,3,5.22961,1.87272e-05,0.174598,103.308,1624725456,1714380856,1063302,1121977,1.01222,1.01222,121,121,19.9126,185650,ns3::ThompsonSamplingWifiManager,2,0
2,4,1,1,3,7.55595,2.43698e-05,0.332064,100.767,1584843128,1714380856,1037201,1121977,1.00626,1.00626,121,121,25.2763,344417,ns3::ThompsonSamplingWifiManager,2,0
2,1,1,1,3,50.514,0.000221113,1.43645,53.9497,848379216,1714380856,555222,1121977,1.02178,1.02178,120.997,120.997,122.767,797548,ns3::ThompsonSamplingWifiManager,3,0
2,2,1,1,3,50.5237,0.000221262,1.44885,53.9334,848212664,1714380856,555113,1121977,1.01221,1.01221,121,121,122.825,804278,ns3::ThompsonSamplingWifiManager,3,0
2,3,1,1,3,4.04964,1.60857e-05,0.12329,104.594,1644954648,1714380856,1076541,1121977,1.01211,1.01211,121,121,17.3169,132727,ns3::ThompsonSamplingWifiManager,3,0
2,4,1,1,3,6.09175,2.08517e-05,0.221171,102.363,1609945112,1714380856,1053629,1121977,1.00616,1.00616,121,121,21.97,233032,ns3::ThompsonSamplingWifiManager,3,0
2,1,1,1,3,59.4833,0.000318724,1.66057,44.1744,694610464,1714380856,454588,1121977,1.02673,1.02673,120.993,120.993,144.888,754877,ns3::ThompsonSamplingWifiManager,6,0
2,2,1,1,3,91.7414,0.00176257,3.14699,9.00995,141584480,1714380856,92660,1121977,1.10787,1.10787,120.998,120.998,163.318,291600,ns3::ThompsonSamplingWifiManager,6,0
2,3,1,1,3,59.2857,0.000316845,1.63927,44.3846,697998040,1714380856,456805,1121977,1.01904,1.01904,121,121,144.736,748828,ns3::ThompsonSamplingWifiManager,6,0
2,4,1,1,3,92.1654,0.00173049,3.30429,8.54147,134314256,1714380856,87902,1121977,1.01348,1.01348,120.985,120.985,152.111,290454,ns3::ThompsonSamplingWifiManager,6,0
2,5,1,1,3,22.4008,6.87034e-05,1.03773,84.5899,1330345560,1714380856,870645,1121977,1.01249,1.01249,121,121,59.8162,903490,ns3::ThompsonSamplingWifiManager,6,0
2,6,1,1,3,82.2908,0.000953307,2.71623,19.3102,303602904,1714380856,198693,1121977,1.03844,1.03844,120.991,120.991,189.414,539696,ns3::ThompsonSamplingWifiManager,6,0
2,7,1,1,3,14.1646,4.16011e-05,0.884726,93.5671,1471544984,1714380856,963053,1121977,1.01114,1.01114,121,121,40.064,852039,ns3::ThompsonSamplingWifiManager,6,0
2,8,1,1,3,93.2584,0.00183842,3.18132,7.36974,115576392,1714380856,75639,1121977,1.00668,1.00668,120.655,120.655,139.054,240632,ns3::ThompsonSamplingWifiManager,6,0
2,1,1,1,3,80.9105,0.000715052,2.68213,20.8227,327267040,1714380856,214180,1121977,1.09008,1.09008,121,121,153.149,574458,ns3::ThompsonSamplingWifiManager,1,0
2,2,1,1,3,83.1139,0.00085946,2.85859,18.409,289491824,1714380856,189458,1121977,1.01292,1.01292,120.989,120.989,162.831,541583,ns3::ThompsonSamplingWifiManager,1,0
2,3,1,1,3,54.4473,7.18268e-05,1.53356,49.6564,780947048,1714380856,511091,1121977,1.01223,1.01223,121,121,36.71,783791,ns3::ThompsonSamplingWifiManager,1,0
2,4,1,1,3,57.6769,0.000102247,1.64534,46.1335,725578440,1714380856,474855,1121977,1.00627,1.00627,121,121,48.5525,781300,ns3::ThompsonSamplingWifiManager,1,0
2,1,1,1,3,84.1491,0.000938742,2.90199,17.2822,271744104,1714380856,177843,1121977,1.03577,1.03577,121,121,166.948,516098,ns3::ThompsonSamplingWifiManager,4,0
2,2,1,1,3,83.652,0.00103039,2.75756,17.8398,280267288,1714380856,183421,1121977,1.06642,1.06642,120.926,120.926,188.994,505794,ns3::ThompsonSamplingWifiManager,4,0
2,3,1,1,3,85.7311,0.0010592,3.02315,15.5544,244623632,1714380856,160094,1121977,1.01292,1.01292,121,121,169.571,483987,ns3::ThompsonSamplingWifiManager,4,0
2,4,1,1,3,84.7306,0.00111262,2.85622,16.6511,261775432,1714380856,171319,1121977,1.05378,1.05378,120.997,120.997,190.613,489325,ns3::ThompsonSamplingWifiManager,4,0
2,5,1,1,3,69.3224,0.000303535,2.03993,33.4424,525931488,1714380856,344196,1121977,1.01262,1.01262,120.996,120.996,104.475,702137,ns3::ThompsonSamplingWifiManager,4,0
2,6,1,1,3,68.7509,0.000472372,2.00438,34.0688,535729024,1714380856,350608,1121977,1.02849,1.02849,121,121,165.617,702750,ns3::ThompsonSamplingWifiManager,4,0
2,7,1,1,3,74.5652,0.00043337,2.28195,27.7249,436049944,1714380856,285373,1121977,1.0067,1.0067,121,121,123.672,651206,ns3::ThompsonSamplingWifiManager,4,0
2,8,1,1,3,65.1944,0.000398942,1.87607,37.9697,596700808,1714380856,390511,1121977,1.09669,1.09669,120.994,120.994,155.791,732626,ns3::ThompsonSamplingWifiManager,4,0
2,1,1,1,3,79.1033,0.000623049,2.55248,22.805,358248768,1714380856,234456,1121977,1.14735,1.14735,120.999,120.999,146.077,598445,ns3::ThompsonSamplingWifiManager,5,0
2,2,1,1,3,97.7667,0.0025265,3.46466,2.43838,38287096,1714380856,25057,1121977,1.19926,1.19926,120.995,120.995,63.304,86814,ns3::ThompsonSamplingWifiManager,5,0
2,3,1,1,3,80.4115,0.000692199,2.63532,21.3537,335822312,1714380856,219779,1121977,1.01521,1.01521,121,121,152.13,579188,ns3::ThompsonSamplingWifiManager,5,0
2,4,1,1,3,97.7672,0.00257341,3.4321,2.44524,38277928,1714380856,25051,1121977,1.07265,1.07265,120.504,120.504,64.4639,85977.5,ns3::ThompsonSamplingWifiManager,5,0
2,5,1,1,3,56.7921,9.78222e-05,1.61076,47.1005,740748424,1714380856,484783,1121977,1.01275,1.01275,121,121,47.4224,780868,ns3::ThompsonSamplingWifiManager,5,0
2,6,1,1,3,94.9709,0.00178526,3.3808,5.4836,86217400,1714380856,56425,1121977,1.03454,1.03454,120.99,120.99,100.731,190762,ns3::ThompsonSamplingWifiManager,5,0
2,7,1,1,3,64.3994,0.000198008,1.85683,38.8065,610330568,1714380856,399431,1121977,1.00673,1.00673,120.998,120.998,79.0902,741674,ns3::ThompsonSamplingWifiManager,5,0
2,8,1,1,3,86.5425,0.00117098,2.94011,14.6727,230712720,1714380856,150990,1121977,1.03586,1.03586,121,121,176.805,443928,ns3::ThompsonSamplingWifiManager,5,0
2,1,1,1,3,84.5636,0.000960566,2.94562,16.8352,264638904,1714380856,173193,1121977,1.06668,1.06668,120.996,120.996,166.362,510161,ns3::ThompsonSamplingWifiManager,7,0
2,2,1,1,3,83.9299,0.00105782,2.79927,17.5245,275502984,1714380856,180303,1121977,1.05845,1.05845,121,121,190.727,504717,ns3::ThompsonSamplingWifiManager,7,0
2,3,1,1,3,99.324,0.0047107,3.20442,0.749703,11589880,1714380856,7585,1121977,3.03656,3.03656,120.982,120.982,35.7259,24305.5,ns3::ThompsonSamplingWifiManager,7,0
2,4,1,1,3,85.4102,0.00102296,2.97619,15.9104,250124432,1714380856,163694,1121977,1.01384,1.01384,120.954,120.954,167.451,487185,ns3::ThompsonSamplingWifiManager,7,0
2,5,1,1,3,85.094,0.0011297,2.83631,16.2622,255545776,1714380856,167242,1121977,1.05429,1.05429,120.944,120.944,188.933,474350,ns3::ThompsonSamplingWifiManager,7,0
2,6,1,1,3,99.1216,0.00454625,3.13194,0.962294,15058440,1714380856,9855,1121977,1.02014,1.02014,120.409,120.409,44.7987,30865.3,ns3::ThompsonSamplingWifiManager,7,0
2,7,1,1,3,69.7225,0.000312662,2.05534,33.0053,519072296,1714380856,339707,1121977,1.01286,1.01286,121,121,106.213,698213,ns3::ThompsonSamplingWifiManager,7,0
2,8,1,1,3,69.3311,0.000484754,2.02903,33.4358,525781744,1714380856,344098,1121977,1.02625,1.02625,120.999,120.999,166.803,698184,ns3::ThompsonSamplingWifiManager,7,0
2,9,1,1,3,98.5559,0.00271033,3.68469,1.58043,24756656,1714380856,16202,1121977,1.1248,1.1248,120.635,120.635,43.9101,59699.3,ns3::ThompsonSamplingWifiManager,7,0
2,10,1,1,3,77.0313,0.000521563,2.42066,25.0392,393770184,1714380856,257703,1121977,1.019,1.019,121,121,134.408,623811,ns3::ThompsonSamplingWifiManager,7,0
2,11,1,1,3,67.7727,0.000447153,1.96232,35.1349,552498824,1714380856,361583,1121977,1.02537,1.02537,120.998,120.998,161.683,709541,ns3::ThompsonSamplingWifiManager,7,0
2,12,1,1,3,91.4767,0.00158475,3.20758,9.32586,146122640,1714380856,95630,1121977,1.00711,1.00711,120.549,120.549,151.548,306741,ns3::ThompsonSamplingWifiManager,7,0
2,1,1,1,3,84.0899,0.000923878,2.90296,17.3513,272760224,1714380856,178508,1121977,1.06668,1.06668,121,121,164.919,518202,ns3::ThompsonSamplingWifiManager,8,0
2,2,1,1,3,83.632,0.00104385,2.78642,17.85,280609560,1714380856,183645,1121977,1.05845,1.05845,120.996,120.996,191.697,511712,ns3::ThompsonSamplingWifiManager,8,0
2,3,1,1,3,99.3054,0.00447106,3.58377,0.769522,11907704,1714380856,7793,1121977,2.90414,2.90414,120.963,120.963,34.8385,27928.3,ns3::ThompsonSamplingWifiManager,8,0
2,4,1,1,3,100,0,0,0,0,1714380856,0,1121977,0,0,0,0,0,0,ns3::ThompsonSamplingWifiManager,8,0
2,5,1,1,3,85.7994,0.001063,3.02586,15.4869,243453184,1714380856,159328,1121977,1.01384,1.01384,120.948,120.948,169.365,482104,ns3::ThompsonSamplingWifiManager,8,0
2,6,1,1,3,85.4401,0.00116005,2.86485,15.8853,249612552,1714380856,163359,1121977,1.05429,1.05429,120.938,120.938,189.503,467999,ns3::ThompsonSamplingWifiManager,8,0
2,7,1,1,3,99.5459,0.00595306,3.05749,0.521405,7785160,1714380856,5095,1121977,1.02014,1.02014,114.935,114.935,30.3249,15577.9,ns3::ThompsonSamplingWifiManager,8,0
2,8,1,1,3,100,0,0,0,0,1714380856,0,1121977,0,0,0,0,0,0,ns3::ThompsonSamplingWifiManager,8,0
2,9,1,1,3,69.6874,0.000312513,2.05463,33.0435,519672800,1714380856,340100,1121977,1.01286,1.01286,121,121,106.286,698780,ns3::ThompsonSamplingWifiManager,8,0
2,10,1,1,3,69.9346,0.000498531,2.05105,32.7788,515435656,1714380856,337327,1121977,1.02625,1.02625,120.996,120.996,168.167,691875,ns3::ThompsonSamplingWifiManager,8,0
2,11,1,1,3,98.0186,0.00256919,3.53293,2.21297,33968968,1714380856,22231,1121977,1.1248,1.1248,118.235,118.235,57.1132,78540.5,ns3::ThompsonSamplingWifiManager,8,0
2,12,1,1,3,100,0,0,0,0,1714380856,0,1121977,0,0,0,0,0,0,ns3::ThompsonSamplingWifiManager,8,0
2,13,1,1,3,76.7682,0.000512176,2.40435,25.3261,398280840,1714380856,260655,1121977,1.019,1.019,121,121,133.501,626707,ns3::ThompsonSamplingWifiManager,8,0
2,14,1,1,3,67.9673,0.00045022,1.9707,34.929,549163200,1714380856,359400,1121977,1.02537,1.02537,120.977,120.977,161.808,708269,ns3::ThompsonSamplingWifiManager,8,0
2,15,1,1,3,91.8823,0.00166802,3.1439,8.84872,139168712,1714380856,91079,1121977,1.00711,1.00711,120.999,120.999,151.92,286343,ns3::ThompsonSamplingWifiManager,8,0
2,16,1,1,3,100,0,0,0,0,1714380856,0,1121977,0,0,0,0,0,0,ns3::ThompsonSamplingWifiManager,8,0
3,1,1,1,3,51.1264,0.00022786,1.443,53.2769,837880328,1714380856,548351,1121977,1.01325,1.01325,121,121,124.947,791268,ns3::ThompsonSamplingWifiManager,2,0
3,2,1,1,3,53.613,0.000249705,1.44411,51.0962,795249128,1714380856,520451,1121977,2.21444,2.21444,120.957,120.957,129.959,751587,ns3::ThompsonSamplingWifiManager,2,0
3,3,1,1,3,5.2248,1.87239e-05,0.174082,103.306,1624807968,1714380856,1063356,1121977,1.00351,1.00351,121,121,19.9102,185111,ns3::ThompsonSamplingWifiManager,2,0
3,4,1,1,3,7.5604,2.43761e-05,0.331845,100.766,1584766728,1714380856,1037151,1121977,1.01068,1.01068,121,121,25.2816,344174,ns3::ThompsonSamplingWifiManager,2,0
3,1,1,1,3,50.5615,0.000221311,1.43015,53.8928,847564792,1714380856,554689,1121977,1.01357,1.01357,121,121,122.759,793288,ns3::ThompsonSamplingWifiManager,3,0
3,2,1,1,3,50.2545,0.00021881,1.42841,54.246,852827224,1714380856,558133,1121977,1.05407,1.05407,120.999,120.999,122.125,797242,ns3::ThompsonSamplingWifiManager,3,0
3,3,1,1,3,4.04144,1.60662e-05,0.123456,104.595,1645095224,1714380856,1076633,1121977,1.00339,1.00339,121,121,17.2973,132917,ns3::ThompsonSamplingWifiManager,3,0
3,4,1,1,3,6.10859,2.08878e-05,0.222093,102.348,1609656320,1714380856,1053440,1121977,1.01044,1.01044,121,121,22.004,233962,ns3::ThompsonSamplingWifiManager,3,0
3,1,1,1,3,80.8122,0.00071099,2.66525,20.9179,328952424,1714380856,215283,1121977,1.01327,1.01327,120.992,120.992,153.063,573784,ns3::ThompsonSamplingWifiManager,1,0
3,2,1,1,3,83.3142,0.000870315,2.87627,18.2706,286058408,1714380856,187211,1121977,1.54722,1.54722,120.999,120.999,162.932,538470,ns3::ThompsonSamplingWifiManager,1,0
3,3,1,1,3,54.4444,7.18333e-05,1.53352,49.6559,780995944,1714380856,511123,1121977,1.00352,1.00352,121,121,36.7156,783816,ns3::ThompsonSamplingWifiManager,1,0
3,4,1,1,3,57.6547,0.000102161,1.64492,46.1594,725960440,1714380856,475105,1121977,1.01069,1.01069,121,121,48.5371,781510,ns3::ThompsonSamplingWifiManager,1,0
3,1,1,1,3,59.8873,0.000324029,1.67773,43.7269,687684040,1714380856,450055,1121977,1.01345,1.01345,120.999,120.999,145.831,755072,ns3::ThompsonSamplingWifiManager,6,0
3,2,1,1,3,90.82,0.00171394,3.26525,10.0091,157379416,1714380856,102997,1121977,1.0386,1.0386,121,121,176.529,336311,ns3::ThompsonSamplingWifiManager,6,0
3,3,1,1,3,60.548,0.000333213,1.68019,43.1329,676356976,1714380856,442642,1121977,1.36457,1.36457,120.999,120.999,147.494,743724,ns3::ThompsonSamplingWifiManager,6,0
3,4,1,1,3,91.4673,0.00176233,3.37668,9.3597,146283080,1714380856,95735,1121977,1.55672,1.55672,120.797,120.797,168.715,323266,ns3::ThompsonSamplingWifiManager,6,0
3,5,1,1,3,21.9365,6.5904e-05,0.987696,85.0898,1338304912,1714380856,875854,1121977,1.00377,1.00377,121,121,57.7222,865078,ns3::ThompsonSamplingWifiManager,6,0
3,6,1,1,3,82.7661,0.00098208,2.72436,18.7923,295454080,1714380856,193360,1121977,1.04223,1.04223,120.992,120.992,189.894,526782,ns3::ThompsonSamplingWifiManager,6,0
3,7,1,1,3,13.6222,3.99904e-05,0.859238,94.1583,1480844392,1714380856,969139,1121977,1.01112,1.01112,121,121,38.7563,832721,ns3::ThompsonSamplingWifiManager,6,0
3,8,1,1,3,93.7487,0.00193848,3.24841,6.83663,107170864,1714380856,70138,1121977,1.0153,1.0153,120.614,120.614,135.959,227837,ns3::ThompsonSamplingWifiManager,6,0
3,1,1,1,3,83.8935,0.000916826,2.86236,17.5586,276126408,1714380856,180711,1121977,1.01992,1.01992,121,121,165.68,517259,ns3::ThompsonSamplingWifiManager,4,0
3,2,1,1,3,83.3645,0.00101596,2.75234,18.135,285196616,1714380856,186647,1121977,1.01452,1.01452,120.997,120.997,189.625,513715,ns3::ThompsonSamplingWifiManager,4,0
3,3,1,1,3,85.8334,0.00106145,3.02183,15.6682,242869488,1714380856,158946,1121977,2.71619,2.71619,120.978,120.978,168.713,480308,ns3::ThompsonSamplingWifiManager,4,0
3,4,1,1,3,85.3745,0.0011524,2.89018,16.1755,250737160,1714380856,164095,1121977,2.71212,2.71212,120.976,120.976,189.102,474263,ns3::ThompsonSamplingWifiManager,4,0
3,5,1,1,3,69.0143,0.000296874,2.02791,33.7775,531212256,1714380856,347652,1121977,1.00352,1.00352,120.989,120.989,103.208,705006,ns3::ThompsonSamplingWifiManager,4,0
3,6,1,1,3,69.3971,0.000486125,2.02972,33.3598,524651024,1714380856,343358,1121977,1.01218,1.01218,121,121,166.915,696919,ns3::ThompsonSamplingWifiManager,4,0
3,7,1,1,3,74.6618,0.000435217,2.28604,27.6206,434393592,1714380856,284289,1121977,1.01098,1.01098,121,121,123.727,649896,ns3::ThompsonSamplingWifiManager,4,0
3,8,1,1,3,64.7932,0.000392136,1.85655,38.4086,603578336,1714380856,395012,1121977,1.10569,1.10569,120.999,120.999,154.898,733359,ns3::ThompsonSamplingWifiManager,4,0
3,1,1,1,3,78.4422,0.000595996,2.48731,23.503,369583472,1714380856,241874,1121977,1.01821,1.01821,120.99,120.99,144.155,601616,ns3::ThompsonSamplingWifiManager,5,0
3,2,1,1,3,97.9537,0.00263548,3.4056,2.25614,35081352,1714380856,22959,1121977,1.01383,1.01383,119.645,119.645,60.5053,78189.2,ns3::ThompsonSamplingWifiManager,5,0
3,3,1,1,3,81.2027,0.000729287,2.69942,20.7504,322256728,1714380856,210901,1121977,2.51415,2.51415,121,121,153.807,569311,ns3::ThompsonSamplingWifiManager,5,0
3,4,1,1,3,98.0997,0.00268484,3.33039,2.13641,32578488,1714380856,21321,1121977,2.62684,2.62684,118.969,118.969,57.2407,71007.3,ns3::ThompsonSamplingWifiManager,5,0
3,5,1,1,3,56.3824,9.28346e-05,1.6086,47.5435,747771112,1714380856,489379,1121977,1.00378,1.00378,121,121,45.4312,787213,ns3::ThompsonSamplingWifiManager,5,0
3,6,1,1,3,95.8377,0.00186431,3.30789,4.55021,71357600,1714380856,46700,1121977,1.03398,1.03398,120.68,120.68,87.0615,154478,ns3::ThompsonSamplingWifiManager,5,0
3,7,1,1,3,64.4713,0.000198987,1.85866,38.7291,609097472,1714380856,398624,1121977,1.01104,1.01104,121,121,79.3206,740906,ns3::ThompsonSamplingWifiManager,5,0
3,8,1,1,3,86.3138,0.00115848,2.93103,14.9225,234633568,1714380856,153556,1121977,1.02592,1.02592,120.987,120.987,177.89,450078,ns3::ThompsonSamplingWifiManager,5,0 
3,1,1,1,3,84.1588,0.00093048,2.85946,17.2694,271579080,1714380856,177735,1121977,1.01992,1.01992,121,121,165.378,508226,ns3::ThompsonSamplingWifiManager,8,0
3,2,1,1,3,83.7662,0.00104409,2.76223,17.6978,278308392,1714380856,182139,1121977,1.01452,1.01452,120.991,120.991,190.169,503109,ns3::ThompsonSamplingWifiManager,8,0
3,3,1,1,3,99.1997,0.00384612,3.0725,0.875248,13719912,1714380856,8979,1121977,1.16823,1.16823,120.763,120.763,34.5305,27588,ns3::ThompsonSamplingWifiManager,8,0
3,4,1,1,3,100,0,0,0,0,1714380856,0,1121977,0,0,0,0,0,0,ns3::ThompsonSamplingWifiManager,8,0
3,5,1,1,3,85.8066,0.00104671,3.0274,15.9601,243329416,1714380856,159247,1121977,4.61603,4.61603,120.935,120.935,166.685,482104,ns3::ThompsonSamplingWifiManager,8,0
3,6,1,1,3,85.2234,0.00113254,2.8637,16.6274,253327120,1714380856,165790,1121977,4.63695,4.63695,120.875,120.875,187.763,474773,ns3::ThompsonSamplingWifiManager,8,0
3,7,1,1,3,99.3422,0.00408075,3.97134,0.795332,11276640,1714380856,7380,1121977,5.35272,5.35272,113.526,113.526,30.1118,29308.5,ns3::ThompsonSamplingWifiManager,8,0
3,8,1,1,3,100,0,0,0,0,1714380856,0,1121977,0,0,0,0,0,0,ns3::ThompsonSamplingWifiManager,8,0
3,9,1,1,3,69.8352,0.000315452,2.06199,32.8801,517139376,1714380856,338442,1121977,1.00445,1.00445,121,121,106.762,697865,ns3::ThompsonSamplingWifiManager,8,0
3,10,1,1,3,69.5092,0.000488316,2.03447,33.244,522728800,1714380856,342100,1121977,1.01069,1.01069,120.975,120.975,167.052,695991,ns3::ThompsonSamplingWifiManager,8,0
3,11,1,1,3,98.1177,0.00236197,3.83301,2.0602,32269832,1714380856,21119,1121977,1.03858,1.03858,120.541,120.541,49.8802,80949.4,ns3::ThompsonSamplingWifiManager,8,0
3,12,1,1,3,100,0,0,0,0,1714380856,0,1121977,0,0,0,0,0,0,ns3::ThompsonSamplingWifiManager,8,0
3,13,1,1,3,77.3294,0.000535132,2.43724,24.713,388660552,1714380856,254359,1121977,1.01199,1.01199,120.999,120.999,136.115,619934,ns3::ThompsonSamplingWifiManager,8,0
3,14,1,1,3,67.7037,0.000450264,1.97024,35.236,553681496,1714380856,362357,1121977,1.11048,1.11048,120.995,120.995,163.156,713928,ns3::ThompsonSamplingWifiManager,8,0
3,15,1,1,3,91.9553,0.001776,3.28064,8.80308,137917280,1714380856,90260,1121977,1.09986,1.09986,120.629,120.629,160.3,296111,ns3::ThompsonSamplingWifiManager,8,0
3,16,1,1,3,99.7375,0.0197636,3.58198,0.286437,4499960,1714380856,2945,1121977,1.10701,1.10701,120.966,120.966,58.1841,10548.9,ns3::ThompsonSamplingWifiManager,8,0
