rngRun,flow,nStations,distance,linksNumber,loss,jitter,latency,throughput,rxBytes,txBytes,rxPackets,txPackets,timeFirstRxPacket,timeFirstTxPacket,timeLastRxPacket,timeLastTxPacket,jitterSum,delaySum,rateAdaptationManager,scenario
407456,1,1,1,1,45.9901,0.000192681,1.42119,57.8018,908964416,1682959064,594872,1101413,1.01966,1.01966,120.996,120.996,114.621,845425,ns3::ThompsonSamplingWifiManager,B
407456,2,1,1,1,46.907,0.000199839,1.43593,56.8105,893533144,1682959064,584773,1101413,1.00253,1.00253,121,121,116.86,839691,ns3::ThompsonSamplingWifiManager,B
407456,1,1,1,2,2.55417,1.65873e-05,0.0876588,104.275,1639973368,1682959064,1073281,1101413,1.00949,1.00949,121,121,17.8028,94082.5,ns3::ThompsonSamplingWifiManager,C
407456,2,1,1,2,7.35573,2.81339e-05,0.319146,99.1309,1559165088,1682959064,1020396,1101413,1.00222,1.00222,121,121,28.7076,325655,ns3::ThompsonSamplingWifiManager,C
407456,1,1,1,2,6.27884,2.54269e-05,0.23016,100.29,1577288696,1682959064,1032257,1101413,1.01021,1.01021,121,121,26.2471,237584,ns3::ThompsonSamplingWifiManager,D
407456,2,1,1,2,2.2877,1.59973e-05,0.0900655,104.554,1644458048,1682959064,1076216,1101413,1.0022,1.0022,121,121,17.2165,96929.9,ns3::ThompsonSamplingWifiManager,D
407456,1,1,1,3,2.73885,1.70121e-05,0.0844504,104.074,1636865416,1682959064,1071247,1101413,1.00587,1.00587,121,121,18.2241,90467.3,ns3::ThompsonSamplingWifiManager,E
407456,2,1,1,3,1.02832,1.31668e-05,0.0664035,105.907,1665652936,1682959064,1090087,1101413,1.00849,1.00849,121,121,14.3529,72385.6,ns3::ThompsonSamplingWifiManager,E
407456,1,1,3,1,46.7144,0.000215381,1.42745,57.0263,896774032,1682959064,586894,1101413,1.01987,1.01987,120.997,120.997,126.406,837759,ns3::ThompsonSamplingWifiManager,B
407456,2,1,3,1,47.6098,0.000222386,1.43909,56.0585,881704896,1682959064,577032,1101413,1.00253,1.00253,121,121,128.324,830401,ns3::ThompsonSamplingWifiManager,B
407456,1,1,3,2,2.74139,1.88332e-05,0.0909892,104.075,1636822632,1682959064,1071219,1101413,1.00949,1.00949,121,121,20.1744,97469.4,ns3::ThompsonSamplingWifiManager,C
407456,2,1,3,2,7.66243,3.08954e-05,0.328032,98.8029,1554003504,1682959064,1017018,1101413,1.00222,1.00222,121,121,31.4211,333614,ns3::ThompsonSamplingWifiManager,C
407456,1,1,3,2,6.38798,2.58997e-05,0.245855,100.173,1575452040,1682959064,1031055,1101413,1.01021,1.01021,121,121,26.704,253491,ns3::ThompsonSamplingWifiManager,D
407456,2,1,3,2,2.09976,1.88106e-05,0.0808215,104.755,1647621008,1682959064,1078286,1101413,1.0022,1.0022,121,121,20.2832,87148.7,ns3::ThompsonSamplingWifiManager,D
407456,1,1,3,3,2.74674,1.71391e-05,0.0848134,104.066,1636732480,1682959064,1071160,1101413,1.00587,1.00587,121,121,18.3587,90848.7,ns3::ThompsonSamplingWifiManager,E
407456,2,1,3,3,1.03721,1.32958e-05,0.0670941,105.897,1665503192,1682959064,1089989,1101413,1.00849,1.00849,121,121,14.4922,73131.8,ns3::ThompsonSamplingWifiManager,E
407456,1,1,5,1,55.5358,0.000275645,1.58005,47.5848,748315080,1682959064,489735,1101413,1.01987,1.01987,120.999,120.999,134.993,773807,ns3::ThompsonSamplingWifiManager,B
407456,2,1,5,1,55.7054,0.000276873,1.52575,47.3961,745460776,1682959064,487867,1101413,1.00253,1.00253,121,121,135.077,744363,ns3::ThompsonSamplingWifiManager,B
407456,1,1,5,2,4.11635,1.99435e-05,0.126227,102.603,1613682600,1682959064,1056075,1101413,1.00949,1.00949,121,121,21.0618,133306,ns3::ThompsonSamplingWifiManager,C
407456,2,1,5,2,10.2018,3.50674e-05,0.607471,96.0856,1511266872,1682959064,989049,1101413,1.00222,1.00222,121,121,34.6834,600818,ns3::ThompsonSamplingWifiManager,C
407456,1,1,5,2,6.50755,2.63345e-05,0.255618,100.045,1573439664,1682959064,1029738,1101413,1.01021,1.01021,121,121,27.1177,263219,ns3::ThompsonSamplingWifiManager,D
407456,2,1,5,2,4.05443,6.04224e-05,0.144146,102.663,1614724696,1682959064,1056757,1101413,1.0022,1.0022,121,121,63.8517,152327,ns3::ThompsonSamplingWifiManager,D
407456,1,1,5,3,2.85306,1.72557e-05,0.0862128,103.952,1634943192,1682959064,1069989,1101413,1.00587,1.00587,121,121,18.4633,92246.7,ns3::ThompsonSamplingWifiManager,E
407456,2,1,5,3,1.31259,1.37843e-05,0.0709053,105.603,1660868768,1682959064,1086956,1101413,1.00849,1.00849,121,121,14.9829,77071,ns3::ThompsonSamplingWifiManager,E
407456,1,1,7,1,53.8192,0.000256051,1.52407,49.4229,777203448,1682959064,508641,1101413,1.01987,1.01987,120.997,120.997,130.238,775204,ns3::ThompsonSamplingWifiManager,B
407456,2,1,7,1,56.3002,0.000287319,1.59496,46.7596,735449320,1682959064,481315,1101413,1.00253,1.00253,121,121,138.291,767680,ns3::ThompsonSamplingWifiManager,B
407456,1,1,7,2,3.95301,1.96728e-05,0.12254,102.778,1616431472,1682959064,1057874,1101413,1.00949,1.00949,121,121,20.8114,129632,ns3::ThompsonSamplingWifiManager,C
407456,2,1,7,2,9.2532,3.28292e-05,0.548931,97.1006,1527231416,1682959064,999497,1101413,1.00222,1.00222,121,121,32.8127,548654,ns3::ThompsonSamplingWifiManager,C
407456,1,1,7,2,6.50755,2.63345e-05,0.255618,100.045,1573439664,1682959064,1029738,1101413,1.01021,1.01021,121,121,27.1177,263219,ns3::ThompsonSamplingWifiManager,D
407456,2,1,7,2,4.05724,6.04199e-05,0.142642,102.66,1614677328,1682959064,1056726,1101413,1.0022,1.0022,121,121,63.8472,150733,ns3::ThompsonSamplingWifiManager,D
407456,1,1,7,3,2.85724,1.82537e-05,0.0884349,103.948,1634872904,1682959064,1069943,1101413,1.00587,1.00587,121,121,19.5304,94620.3,ns3::ThompsonSamplingWifiManager,E
407456,2,1,7,3,1.30333,1.3775e-05,0.0702426,105.613,1661024624,1682959064,1087058,1101413,1.00849,1.00849,121,121,14.9743,76357.7,ns3::ThompsonSamplingWifiManager,E
407456,1,1,9,1,57.0851,0.000336832,1.61925,45.9265,722239760,1682959064,472670,1101413,1.02008,1.02008,121,121,159.21,765369,ns3::ThompsonSamplingWifiManager,B
407456,2,1,9,1,57.8688,0.000345433,1.63881,45.0846,709050064,1682959064,464038,1101413,1.00253,1.00253,120.991,120.991,160.294,760469,ns3::ThompsonSamplingWifiManager,B
407456,1,1,9,2,4.68317,2.62877e-05,0.152716,101.997,1604143296,1682959064,1049832,1101413,1.00944,1.00944,121,121,27.5976,160326,ns3::ThompsonSamplingWifiManager,C
407456,2,1,9,2,15.9977,0.000147843,0.942089,89.8838,1413723936,1682959064,925212,1101413,1.00222,1.00222,121,121,136.786,871632,ns3::ThompsonSamplingWifiManager,C
407456,1,1,9,2,6.71329,2.76664e-05,0.262714,99.825,1569977216,1682959064,1027472,1101413,1.01021,1.01021,121,121,28.4264,269932,ns3::ThompsonSamplingWifiManager,D
407456,2,1,9,2,12.3766,0.000188391,0.800804,93.7595,1474665160,1682959064,965095,1101413,1.0022,1.0022,120.999,120.999,181.815,772852,ns3::ThompsonSamplingWifiManager,D
407456,1,1,11,1,62.4344,0.000359258,1.8008,40.2122,632213056,1682959064,413752,1101413,1.05108,1.05108,121,121,148.643,745086,ns3::ThompsonSamplingWifiManager,B
407456,2,1,11,1,62.9146,0.000368134,1.81649,39.6896,624131464,1682959064,408463,1101413,1.00325,1.00325,120.978,120.978,150.369,741969,ns3::ThompsonSamplingWifiManager,B
407456,1,1,9,3,10.4712,8.06505e-05,0.602673,95.8003,1506733296,1682959064,986082,1101413,1.00587,1.00587,121,121,79.5279,594285,ns3::ThompsonSamplingWifiManager,E
407456,2,1,9,3,9.89602,0.000184011,0.504604,96.4178,1516413176,1682959064,992417,1101413,1.00849,1.00849,121,121,182.615,500777,ns3::ThompsonSamplingWifiManager,E
407456,1,1,11,2,5.21412,2.66744e-05,0.161248,101.432,1595207552,1682959064,1043984,1101413,1.01291,1.01291,121,121,27.8476,168341,ns3::ThompsonSamplingWifiManager,C
407456,2,1,11,2,23.9027,6.73229e-05,1.09134,81.4254,1280687088,1682959064,838146,1101413,1.00222,1.00222,121,121,56.4264,914705,ns3::ThompsonSamplingWifiManager,C
407456,1,1,11,2,7.32214,3.08912e-05,0.312929,99.1735,1559730448,1682959064,1020766,1101413,1.01032,1.01032,121,121,31.5326,319427,ns3::ThompsonSamplingWifiManager,D
407456,2,1,11,2,22.5504,0.000114714,1.05283,82.8726,1303445120,1682959064,853040,1101413,1.00262,1.00262,121,121,97.8552,898104,ns3::ThompsonSamplingWifiManager,D
407456,1,1,13,1,62.0625,0.000351643,1.79017,40.644,638473272,1682959064,417849,1101413,1.14642,1.14642,120.996,120.996,146.933,748020,ns3::ThompsonSamplingWifiManager,B
407456,2,1,13,1,62.9375,0.000365144,1.81505,39.6578,623746408,1682959064,408211,1101413,1.00325,1.00325,121,121,149.055,740924,ns3::ThompsonSamplingWifiManager,B
407456,1,1,11,3,16.168,4.66398e-05,0.954841,89.7047,1410858936,1682959064,923337,1101413,1.00619,1.00619,121,121,43.0642,881640,ns3::ThompsonSamplingWifiManager,E
407456,2,1,11,3,20.2615,5.29615e-05,1.01257,85.3297,1341966000,1682959064,878250,1101413,1.01378,1.01378,121,121,46.5134,889290,ns3::ThompsonSamplingWifiManager,E
407456,1,1,13,2,7.62021,3.48198e-05,0.343694,98.8546,1554714024,1682959064,1017483,1101413,1.01032,1.01032,121,121,35.4285,349703,ns3::ThompsonSamplingWifiManager,D
407456,2,1,13,2,22.5775,0.000113527,1.04108,82.8442,1302988248,1682959064,852741,1101413,1.00351,1.00351,121,121,96.809,887773,ns3::ThompsonSamplingWifiManager,D
407456,1,1,15,1,62.7436,0.000364204,1.80881,39.913,627010216,1682959064,410347,1101413,1.14642,1.14642,121,121,149.45,742238,ns3::ThompsonSamplingWifiManager,B
407456,2,1,15,1,62.7546,0.000365455,1.81057,39.8547,626825328,1682959064,410226,1101413,1.00325,1.00325,120.996,120.996,149.919,742744,ns3::ThompsonSamplingWifiManager,B
407456,1,1,13,3,16.2483,4.8105e-05,0.95543,89.6224,1409506656,1682959064,922452,1101413,1.01113,1.01113,121,121,44.3745,881339,ns3::ThompsonSamplingWifiManager,E
407456,2,1,13,3,20.3145,5.25397e-05,1.00748,85.2907,1341073648,1682959064,877666,1101413,1.03861,1.03861,121,121,46.1123,884231,ns3::ThompsonSamplingWifiManager,E
407456,1,1,17,1,64.5057,0.000486202,1.87246,38.0253,597354792,1682959064,390939,1101413,1.14681,1.14681,121,121,190.075,732017,ns3::ThompsonSamplingWifiManager,B
407456,2,1,17,1,65.3246,0.000496828,1.90175,37.1047,583572232,1682959064,381919,1101413,1.00325,1.00325,120.996,120.996,189.747,726315,ns3::ThompsonSamplingWifiManager,B
407456,1,1,15,2,16.3057,0.000143699,0.955932,89.562,1408540960,1682959064,921820,1101413,1.0112,1.0112,120.999,120.999,132.465,881197,ns3::ThompsonSamplingWifiManager,D
407456,2,1,15,2,22.629,0.000115872,1.04512,82.7892,1302121872,1682959064,852174,1101413,1.00351,1.00351,121,121,98.7432,890622,ns3::ThompsonSamplingWifiManager,D
407456,1,1,15,3,20.7615,0.000154242,1.01917,84.7928,1333551304,1682959064,872743,1101413,1.01113,1.01113,121,121,134.614,889476,ns3::ThompsonSamplingWifiManager,E
407456,2,1,15,3,20.2581,5.57464e-05,1.00702,85.3511,1342024064,1682959064,878288,1101413,1.03861,1.03861,121,121,48.9613,884457,ns3::ThompsonSamplingWifiManager,E
407456,1,1,17,2,20.3593,0.000179979,1.01077,85.2244,1340320344,1682959064,877173,1101413,1.01089,1.01089,120.998,120.998,157.873,886617,ns3::ThompsonSamplingWifiManager,D
407456,2,1,17,2,26.7464,0.000219475,1.17276,78.3848,1232828600,1682959064,806825,1101413,1.00351,1.00351,120.998,120.998,177.077,946216,ns3::ThompsonSamplingWifiManager,D
407456,1,1,19,1,67.8828,0.000565248,2.01078,34.3905,540519304,1682959064,353743,1101413,1.08682,1.08682,120.999,120.999,199.952,711298,ns3::ThompsonSamplingWifiManager,B
407456,2,1,19,1,68.7226,0.000578082,2.03462,33.4688,526385304,1682959064,344493,1101413,1.00755,1.00755,121,121,199.145,700913,ns3::ThompsonSamplingWifiManager,B
407456,1,1,17,3,28.0487,0.000203126,1.20105,76.995,1210910968,1682959064,792481,1101413,1.01139,1.01139,121,121,160.974,951806,ns3::ThompsonSamplingWifiManager,E
407456,2,1,17,3,24.8962,0.00020171,1.13219,80.3692,1263966184,1682959064,827203,1101413,1.0125,1.0125,121,121,166.855,936547,ns3::ThompsonSamplingWifiManager,E
407456,1,1,21,1,72.0434,0.000549784,2.17463,29.9275,470498704,1682959064,307918,1101413,1.05603,1.05603,121,121,169.288,669607,ns3::ThompsonSamplingWifiManager,B
407456,2,1,21,1,72.6249,0.000566534,2.20224,29.2976,460711864,1682959064,301513,1101413,1.02235,1.02235,120.996,120.996,170.817,664005,ns3::ThompsonSamplingWifiManager,B
407456,1,1,19,2,24.8983,7.60739e-05,1.12845,80.3665,1263931040,1682959064,827180,1101413,1.01181,1.01181,121,121,62.9268,933430,ns3::ThompsonSamplingWifiManager,D
407456,2,1,19,2,33.8679,0.000244522,1.27471,70.7633,1112976864,1682959064,728388,1101413,1.00351,1.00351,121,121,178.106,928482,ns3::ThompsonSamplingWifiManager,D
407456,1,1,19,3,35.3583,0.00011936,1.30433,69.1733,1087893216,1682959064,711972,1101413,1.01186,1.01186,121,121,84.9811,928643,ns3::ThompsonSamplingWifiManager,E
407456,2,1,19,3,32.3085,0.000222589,1.25618,72.4415,1139220264,1682959064,745563,1101413,1.01427,1.01427,120.995,120.995,165.954,936563,ns3::ThompsonSamplingWifiManager,E
407456,1,1,21,2,25.342,7.98674e-05,1.14983,79.8918,1256463704,1682959064,822293,1101413,1.0119,1.0119,121,121,65.6743,945498,ns3::ThompsonSamplingWifiManager,D
407456,2,1,21,2,42.1021,0.000195066,1.38154,61.9602,974397960,1682959064,637695,1101413,1.01844,1.01844,121,121,124.393,880998,ns3::ThompsonSamplingWifiManager,D
407456,1,1,23,1,72.4407,0.000555595,2.18826,29.9969,463812176,1682959064,303542,1101413,3.03341,3.03341,120.999,120.999,168.646,664230,ns3::ThompsonSamplingWifiManager,B
407456,2,1,23,1,72.3484,0.000560821,2.16094,29.5914,465364624,1682959064,304558,1101413,1.0175,1.0175,121,121,170.802,658133,ns3::ThompsonSamplingWifiManager,B
407456,1,1,21,3,35.6453,0.000125643,1.30393,68.8682,1083063208,1682959064,708811,1101413,1.01502,1.01502,121,121,89.057,924238,ns3::ThompsonSamplingWifiManager,E
407456,2,1,21,3,40.4798,0.000139324,1.36268,63.694,1001700264,1682959064,655563,1101413,1.01431,1.01431,121,121,91.3354,893325,ns3::ThompsonSamplingWifiManager,E
407456,1,1,25,1,72.4871,0.000597003,2.20041,29.5513,463031368,1682959064,303031,1101413,1.45695,1.45695,121,121,180.91,666793,ns3::ThompsonSamplingWifiManager,B
407456,2,1,25,1,73.0289,0.000608968,2.20466,28.8628,453912264,1682959064,297063,1101413,1.01358,1.01358,120.997,120.997,180.901,654923,ns3::ThompsonSamplingWifiManager,B
407456,1,1,23,2,25.6914,8.45142e-05,1.1356,79.5171,1250583960,1682959064,818445,1101413,1.01058,1.01058,121,121,69.1701,929428,ns3::ThompsonSamplingWifiManager,D
407456,2,1,23,2,42.4793,0.000197963,1.3905,61.564,968049120,1682959064,633540,1101413,1.03335,1.03335,121,121,125.417,880939,ns3::ThompsonSamplingWifiManager,D
407456,1,1,25,2,25.8303,8.85092e-05,1.14954,79.3687,1248246120,1682959064,816915,1101413,1.01106,1.01106,121,121,72.3044,939075,ns3::ThompsonSamplingWifiManager,D
407456,2,1,25,2,43.3013,0.000235389,1.39506,60.6846,954216136,1682959064,624487,1101413,1.03393,1.03393,121,121,146.997,871197,ns3::ThompsonSamplingWifiManager,D
407456,1,1,27,1,76.6242,0.000722752,2.35821,25.2907,393404992,1682959064,257464,1101413,2.31758,2.31758,120.995,120.995,186.082,607154,ns3::ThompsonSamplingWifiManager,B
407456,2,1,27,1,75.8681,0.000715784,2.34126,25.8262,406130176,1682959064,265792,1101413,1.01378,1.01378,120.99,120.99,190.249,622287,ns3::ThompsonSamplingWifiManager,B
407456,1,1,27,2,36.3707,0.000220874,1.26354,68.1006,1070854488,1682959064,700821,1101413,1.01106,1.01106,120.98,120.98,154.793,885518,ns3::ThompsonSamplingWifiManager,D
407456,2,1,27,2,59.8709,0.000356953,1.72429,42.9489,675356136,1682959064,441987,1101413,1.02984,1.02984,120.999,120.999,157.768,762115,ns3::ThompsonSamplingWifiManager,D
407456,1,1,29,1,76.0146,0.000763559,2.33993,25.669,403663984,1682959064,264178,1101413,1.02205,1.02205,121,121,201.715,618159,ns3::ThompsonSamplingWifiManager,B
407456,2,1,29,1,79.4291,0.000888068,2.53233,22.0648,346200488,1682959064,226571,1101413,1.28418,1.28418,120.99,120.99,201.21,573752,ns3::ThompsonSamplingWifiManager,B
407456,1,1,29,2,43.1813,0.000261299,1.40051,60.8054,956234624,1682959064,625808,1101413,1.01106,1.01106,120.992,120.992,163.522,876449,ns3::ThompsonSamplingWifiManager,D
407456,2,1,29,2,62.0559,0.00044919,1.79437,40.6111,638583288,1682959064,417921,1101413,1.02389,1.02389,120.991,120.991,187.725,749905,ns3::ThompsonSamplingWifiManager,D
407456,1,1,31,1,78.382,0.000821409,2.44032,23.1389,363822912,1682959064,238104,1101413,1.0393,1.0393,121,121,195.58,581051,ns3::ThompsonSamplingWifiManager,B
407456,2,1,31,1,79.7644,0.000872124,2.54147,21.9056,340557584,1682959064,222878,1101413,2.36335,2.36335,120.975,120.975,194.376,566437,ns3::ThompsonSamplingWifiManager,B
407456,1,1,31,2,36.2858,0.000224833,1.31479,68.1816,1072283168,1682959064,701756,1101413,1.01106,1.01106,120.998,120.998,157.778,922665,ns3::ThompsonSamplingWifiManager,D
407456,2,1,31,2,56.3689,0.00035591,1.60561,46.7044,734294152,1682959064,480559,1101413,1.04614,1.04614,120.997,120.997,171.035,771590,ns3::ThompsonSamplingWifiManager,D
407456,1,1,31,3,54.4369,0.000306095,1.53035,48.771,766808464,1682959064,501838,1101413,1.04569,1.04569,121,121,153.61,767986,ns3::ThompsonSamplingWifiManager,E
407456,2,1,31,3,54.4679,0.000314336,1.53396,48.7442,766285888,1682959064,501496,1101413,1.06172,1.06172,121,121,157.638,769275,ns3::ThompsonSamplingWifiManager,E
407457,1,1,1,1,46.4484,0.000196412,1.42275,57.3079,901251072,1682959064,589824,1101413,1.01625,1.01625,121,121,115.848,839172,ns3::ThompsonSamplingWifiManager,B
407457,2,1,1,1,46.783,0.00019867,1.42906,56.9437,895620392,1682959064,586139,1101413,1.00361,1.00361,121,121,116.448,837629,ns3::ThompsonSamplingWifiManager,B
407457,1,1,1,2,2.5529,1.65905e-05,0.0869459,104.274,1639994760,1682959064,1073295,1101413,1.00645,1.00645,121,121,17.8065,93318.6,ns3::ThompsonSamplingWifiManager,C
407457,2,1,1,2,7.07636,2.71714e-05,0.285573,99.4321,1563866744,1682959064,1023473,1101413,1.0049,1.0049,121,121,27.8091,292276,ns3::ThompsonSamplingWifiManager,C
407457,1,1,1,2,6.38189,2.58537e-05,0.235649,100.175,1575554416,1682959064,1031122,1101413,1.00483,1.00483,121,121,26.6583,242983,ns3::ThompsonSamplingWifiManager,D
407457,2,1,1,2,2.14652,1.56614e-05,0.0849376,104.708,1646834088,1682959064,1077771,1101413,1.00558,1.00558,121,121,16.8794,91543.3,ns3::ThompsonSamplingWifiManager,D
407457,1,1,1,3,2.75755,1.70377e-05,0.0848169,104.06,1636550648,1682959064,1071041,1101413,1.01285,1.01285,121,121,18.2481,90842.4,ns3::ThompsonSamplingWifiManager,E
407457,2,1,1,3,1.15052,1.34349e-05,0.0670377,105.776,1663596248,1682959064,1088741,1101413,1.00833,1.00833,121,121,14.6271,72986.7,ns3::ThompsonSamplingWifiManager,E
407457,1,1,3,1,47.1118,0.000217734,1.42376,56.5981,890087504,1682959064,582518,1101413,1.01625,1.01625,121,121,126.834,829366,ns3::ThompsonSamplingWifiManager,B
407457,2,1,3,1,47.4495,0.000219786,1.44014,56.2306,884403344,1682959064,578798,1101413,1.00361,1.00361,121,121,127.212,833549,ns3::ThompsonSamplingWifiManager,B
407457,1,1,3,2,2.7353,1.89121e-05,0.0909499,104.078,1636925008,1682959064,1071286,1101413,1.00645,1.00645,121,121,20.2603,97433.4,ns3::ThompsonSamplingWifiManager,C
407457,2,1,3,2,7.48965,3.02862e-05,0.322348,98.9898,1556911288,1682959064,1018921,1101413,1.0049,1.0049,121,121,30.8592,328447,ns3::ThompsonSamplingWifiManager,C
407457,1,1,3,2,6.39451,2.61843e-05,0.238826,100.162,1575342024,1682959064,1030983,1101413,1.00483,1.00483,121,121,26.9955,246226,ns3::ThompsonSamplingWifiManager,D
407457,2,1,3,2,2.07561,1.86842e-05,0.0781272,104.784,1648027456,1682959064,1078552,1101413,1.00558,1.00558,121,121,20.1518,84264.3,ns3::ThompsonSamplingWifiManager,D
407457,1,1,3,3,2.76781,1.72344e-05,0.0843498,104.049,1636377984,1682959064,1070928,1101413,1.01285,1.01285,121,121,18.4567,90332.6,ns3::ThompsonSamplingWifiManager,E
407457,2,1,3,3,1.16278,1.36117e-05,0.0671186,105.763,1663389968,1682959064,1088606,1101413,1.00833,1.00833,121,121,14.8177,73065.7,ns3::ThompsonSamplingWifiManager,E
407457,1,1,5,1,54.6307,0.000265623,1.5445,48.5516,763546184,1682959064,499703,1101413,1.01625,1.01625,121,121,132.732,771793,ns3::ThompsonSamplingWifiManager,B
407457,2,1,5,1,56.5196,0.000287395,1.58608,46.53,731757672,1682959064,478899,1101413,1.00361,1.00361,120.988,120.988,137.633,759574,ns3::ThompsonSamplingWifiManager,B
407457,1,1,5,2,3.93349,1.97896e-05,0.116391,102.796,1616759992,1682959064,1058089,1101413,1.00645,1.00645,121,121,20.9391,123152,ns3::ThompsonSamplingWifiManager,C
407457,2,1,5,2,9.40537,3.32839e-05,0.438703,96.9399,1524670488,1682959064,997821,1101413,1.0049,1.0049,121,121,33.2113,437747,ns3::ThompsonSamplingWifiManager,C
407457,1,1,5,2,6.56457,2.61533e-05,0.257121,99.9797,1572480080,1682959064,1029110,1101413,1.00483,1.00483,121,121,26.9146,264606,ns3::ThompsonSamplingWifiManager,D
407457,2,1,5,2,4.12053,6.0902e-05,0.126583,102.595,1613612312,1682959064,1056029,1101413,1.00558,1.00558,121,121,64.3142,133675,ns3::ThompsonSamplingWifiManager,D
407457,1,1,5,3,2.85724,1.72491e-05,0.0867925,103.954,1634872904,1682959064,1069943,1101413,1.01285,1.01285,121,121,18.4555,92863,ns3::ThompsonSamplingWifiManager,E
407457,2,1,5,3,1.24349,1.36386e-05,0.0681439,105.677,1662031576,1682959064,1087717,1101413,1.00833,1.00833,121,121,14.8349,74121.3,ns3::ThompsonSamplingWifiManager,E
407457,1,1,7,1,54.9703,0.000273725,1.54335,48.1882,757831464,1682959064,495963,1101413,1.01625,1.01625,121,121,135.757,765445,ns3::ThompsonSamplingWifiManager,B
407457,2,1,7,1,54.1661,0.000260295,1.53398,49.0438,771366488,1682959064,504821,1101413,1.00361,1.00361,120.999,120.999,131.402,774383,ns3::ThompsonSamplingWifiManager,B
407457,1,1,7,2,4.05425,1.98556e-05,0.120375,102.667,1614727752,1682959064,1056759,1101413,1.00645,1.00645,121,121,20.9826,127208,ns3::ThompsonSamplingWifiManager,C
407457,2,1,7,2,9.57661,3.36176e-05,0.483398,96.7567,1521788680,1682959064,995935,1101413,1.0049,1.0049,121,121,33.4809,481432,ns3::ThompsonSamplingWifiManager,C
407457,1,1,7,2,6.57882,2.6472e-05,0.259762,99.9644,1572240184,1682959064,1028953,1101413,1.00483,1.00483,121,121,27.2384,267283,ns3::ThompsonSamplingWifiManager,D
407457,2,1,7,2,3.93549,6.06666e-05,0.129628,102.794,1616726376,1682959064,1058067,1101413,1.00558,1.00558,120.999,120.999,64.1892,137155,ns3::ThompsonSamplingWifiManager,D
407457,1,1,7,3,2.90309,1.83369e-05,0.0881223,103.905,1634101264,1682959064,1069438,1101413,1.01285,1.01285,121,121,19.6101,94241.3,ns3::ThompsonSamplingWifiManager,E
407457,2,1,7,3,1.31277,1.37629e-05,0.0687993,105.602,1660865712,1682959064,1086954,1101413,1.00833,1.00833,121,121,14.9596,74781.7,ns3::ThompsonSamplingWifiManager,E
407457,1,1,9,1,57.1263,0.000325267,1.61298,45.8887,721546048,1682959064,472216,1101413,1.02166,1.02166,120.985,120.985,153.596,761675,ns3::ThompsonSamplingWifiManager,B
407457,2,1,9,1,57.9124,0.000343781,1.64209,45.0369,708316624,1682959064,463558,1101413,1.00428,1.00428,120.995,120.995,159.362,761203,ns3::ThompsonSamplingWifiManager,B
407457,1,1,9,2,4.42795,2.66479e-05,0.138753,102.27,1608438504,1682959064,1052643,1101413,1.00645,1.00645,120.997,120.997,28.0507,146058,ns3::ThompsonSamplingWifiManager,C
407457,2,1,9,2,16.0202,0.000142858,0.935163,89.8672,1413344992,1682959064,924964,1101413,1.0049,1.0049,120.993,120.993,132.138,864992,ns3::ThompsonSamplingWifiManager,C
407457,1,1,9,2,6.8039,2.83263e-05,0.270919,99.7236,1568452272,1682959064,1026474,1101413,1.00483,1.00483,121,121,29.0762,278091,ns3::ThompsonSamplingWifiManager,D
407457,2,1,9,2,12.3835,0.000189963,0.826969,93.7553,1474550560,1682959064,965020,1101413,1.00558,1.00558,120.998,120.998,183.318,798041,ns3::ThompsonSamplingWifiManager,D
407457,1,1,9,3,10.5002,8.11487e-05,0.608046,95.7747,1506244336,1682959064,985762,1101413,1.01285,1.01285,121,121,79.9932,599389,ns3::ThompsonSamplingWifiManager,E
407457,2,1,9,3,9.76373,0.000182776,0.555299,96.5617,1518639472,1682959064,993874,1101413,1.00833,1.00833,120.997,120.997,181.656,551897,ns3::ThompsonSamplingWifiManager,E
407457,1,1,11,1,62.4127,0.000359278,1.80107,40.2477,632578248,1682959064,413991,1101413,1.08769,1.08769,121,121,148.737,745628,ns3::ThompsonSamplingWifiManager,B
407457,2,1,11,1,62.8292,0.000365262,1.81455,39.7755,625569312,1682959064,409404,1101413,1.00403,1.00403,120.995,120.995,149.539,742886,ns3::ThompsonSamplingWifiManager,B
407457,1,1,11,2,7.47049,3.16667e-05,0.311024,99.0112,1557233696,1682959064,1019132,1101413,1.00598,1.00598,121,121,32.2725,316975,ns3::ThompsonSamplingWifiManager,D
407457,2,1,11,2,22.7586,0.000115379,1.05907,82.655,1299941416,1682959064,850747,1101413,1.00993,1.00993,121,121,98.1583,900999,ns3::ThompsonSamplingWifiManager,D
407457,1,1,11,2,5.16518,2.6554e-05,0.172291,101.478,1596031144,1682959064,1044523,1101413,1.00645,1.00645,121,121,27.7362,179962,ns3::ThompsonSamplingWifiManager,C
407457,2,1,11,2,23.9912,6.76215e-05,1.09702,81.3332,1279197288,1682959064,837171,1101413,1.00591,1.00591,121,121,56.6107,918392,ns3::ThompsonSamplingWifiManager,C
407457,1,1,11,3,16.2673,4.61415e-05,0.963355,89.6055,1409187304,1682959064,922243,1101413,1.01577,1.01577,121,121,42.5536,888448,ns3::ThompsonSamplingWifiManager,E
407457,2,1,11,3,20.1589,5.26554e-05,1.00519,85.4363,1343692640,1682959064,879380,1101413,1.00925,1.00925,121,121,46.304,883944,ns3::ThompsonSamplingWifiManager,E
407457,1,1,13,1,62.7068,0.000361228,1.80766,39.968,627629056,1682959064,410752,1101413,1.19329,1.19329,121,121,148.375,742502,ns3::ThompsonSamplingWifiManager,B
407457,2,1,13,1,62.5324,0.000359404,1.80119,40.094,630564344,1682959064,412673,1101413,1.00674,1.00674,120.995,120.995,148.316,743302,ns3::ThompsonSamplingWifiManager,B
407457,1,1,13,2,7.58408,3.51759e-05,0.333623,98.8896,1555322168,1682959064,1017881,1101413,1.00598,1.00598,121,121,35.8049,339589,ns3::ThompsonSamplingWifiManager,D
407457,2,1,13,2,23.1121,0.000115943,1.06561,82.2861,1293991384,1682959064,846853,1101413,1.02379,1.02379,121,121,98.1868,902412,ns3::ThompsonSamplingWifiManager,D
407457,1,1,13,3,16.5243,4.93748e-05,0.970796,89.3294,1404861536,1682959064,919412,1101413,1.01438,1.01438,121,121,45.3958,892561,ns3::ThompsonSamplingWifiManager,E
407457,2,1,13,3,20.3509,5.27402e-05,1.00596,85.2331,1340460920,1682959064,877265,1101413,1.01249,1.01249,121,121,46.2671,882493,ns3::ThompsonSamplingWifiManager,E
407457,1,1,15,1,62.3559,0.000359205,1.79614,40.3537,633534776,1682959064,414617,1101413,1.22096,1.22096,120.999,120.999,148.932,744710,ns3::ThompsonSamplingWifiManager,B
407457,2,1,15,1,62.7706,0.000365769,1.80809,39.8387,626554872,1682959064,410049,1101413,1.00674,1.00674,120.996,120.996,149.983,741404,ns3::ThompsonSamplingWifiManager,B
407457,1,1,15,2,16.2801,0.00015113,0.95985,89.5845,1408971856,1682959064,922102,1101413,1.00598,1.00598,121,121,139.357,885080,ns3::ThompsonSamplingWifiManager,D
407457,2,1,15,2,22.9136,0.000116586,1.0633,82.4998,1297333120,1682959064,849040,1101413,1.02379,1.02379,120.998,120.998,98.9861,902781,ns3::ThompsonSamplingWifiManager,D
407457,1,1,15,3,20.8995,0.000152676,1.0127,84.6505,1331228744,1682959064,871223,1101413,1.01438,1.01438,120.996,120.996,133.015,882286,ns3::ThompsonSamplingWifiManager,E
407457,2,1,15,3,20.3771,5.65138e-05,1.00987,85.2059,1340020856,1682959064,876977,1101413,1.01249,1.01249,120.999,120.999,49.5612,885628,ns3::ThompsonSamplingWifiManager,E
407457,1,1,17,1,64.7338,0.000500796,1.88274,37.8003,593516456,1682959064,388427,1101413,1.19987,1.19987,120.992,120.992,194.522,731307,ns3::ThompsonSamplingWifiManager,B
407457,2,1,17,1,64.6866,0.00050473,1.87942,37.7882,594309488,1682959064,388946,1101413,1.00674,1.00674,120.997,120.997,196.312,730991,ns3::ThompsonSamplingWifiManager,B
407457,1,1,17,2,20.3045,0.000179987,1.01192,85.2782,1341243256,1682959064,877777,1101413,1.00598,1.00598,121,121,157.988,888239,ns3::ThompsonSamplingWifiManager,D
407457,2,1,17,2,27.0812,0.000218115,1.19456,78.0361,1227193336,1682959064,803137,1101413,1.0202,1.0202,121,121,175.176,959399,ns3::ThompsonSamplingWifiManager,D
407457,1,1,17,3,28.0012,0.000202456,1.19519,77.0474,1211710112,1682959064,793004,1101413,1.01396,1.01396,121,121,160.548,947790,ns3::ThompsonSamplingWifiManager,E
407457,2,1,17,3,24.7137,0.00020203,1.12916,80.5647,1267037464,1682959064,829213,1101413,1.01249,1.01249,121,121,167.526,936315,ns3::ThompsonSamplingWifiManager,E
407457,1,1,19,1,68.3869,0.00056922,2.0233,33.8596,532035848,1682959064,348191,1101413,1.1191,1.1191,121,121,198.197,704495,ns3::ThompsonSamplingWifiManager,B
407457,2,1,19,1,68.2253,0.000573106,2.01414,34.0023,534755688,1682959064,349971,1101413,1.0075,1.0075,120.995,120.995,200.57,704890,ns3::ThompsonSamplingWifiManager,B
407457,1,1,19,2,24.9416,7.70052e-05,1.13876,80.3177,1263202184,1682959064,826703,1101413,1.00808,1.00808,121,121,63.6603,941417,ns3::ThompsonSamplingWifiManager,D
407457,2,1,19,2,33.9734,0.000245074,1.28244,70.6541,1111201328,1682959064,727226,1101413,1.0092,1.0092,120.999,120.999,178.224,932620,ns3::ThompsonSamplingWifiManager,D
407457,1,1,19,3,35.0871,0.00011776,1.2923,69.4656,1092457352,1682959064,714959,1101413,1.01555,1.01555,121,121,84.1934,923938,ns3::ThompsonSamplingWifiManager,E
407457,2,1,19,3,32.2683,0.000220157,1.25331,72.4864,1139897168,1682959064,746006,1101413,1.01699,1.01699,120.994,120.994,164.238,934977,ns3::ThompsonSamplingWifiManager,E
407457,1,1,21,1,72.3242,0.000554471,2.18608,29.8843,465772600,1682959064,304825,1101413,2.08912,2.08912,121,121,169.016,666373,ns3::ThompsonSamplingWifiManager,B
407457,2,1,21,1,72.0489,0.00055042,2.16019,29.9144,470405496,1682959064,307857,1101413,1.02143,1.02143,120.994,120.994,169.45,665028,ns3::ThompsonSamplingWifiManager,B
407457,1,1,21,2,25.4425,7.92607e-05,1.14794,79.8913,1254772208,1682959064,821186,1101413,1.10814,1.10814,120.935,120.935,65.0877,942676,ns3::ThompsonSamplingWifiManager,D
407457,2,1,21,2,42.1065,0.000194149,1.37943,61.9605,974324616,1682959064,637647,1101413,1.02571,1.02571,120.997,120.997,123.798,879589,ns3::ThompsonSamplingWifiManager,D
407457,1,1,23,1,71.9541,0.000549229,2.15465,30.0157,472000728,1682959064,308901,1101413,1.01568,1.01568,120.989,120.989,169.657,665572,ns3::ThompsonSamplingWifiManager,B
407457,2,1,23,1,72.1987,0.000552715,2.18116,29.8571,467884296,1682959064,306207,1101413,1.43591,1.43591,120.994,120.994,169.245,667885,ns3::ThompsonSamplingWifiManager,B
407457,1,1,23,2,25.6323,8.33716e-05,1.1422,79.5773,1251578688,1682959064,819096,1101413,1.00616,1.00616,121,121,68.2893,935574,ns3::ThompsonSamplingWifiManager,D
407457,2,1,23,2,42.1719,0.000196047,1.38012,61.8858,973222928,1682959064,636926,1101413,1.01776,1.01776,120.999,120.999,124.868,879033,ns3::ThompsonSamplingWifiManager,D
407457,1,1,25,1,72.5967,0.000597158,2.18372,29.3265,461187072,1682959064,301824,1101413,1.01591,1.01591,120.995,120.995,180.236,659100,ns3::ThompsonSamplingWifiManager,B
407457,2,1,25,1,73.0656,0.000609349,2.2183,28.9236,453294952,1682959064,296659,1101413,1.43098,1.43098,121,121,180.768,658078,ns3::ThompsonSamplingWifiManager,B
407457,1,1,27,1,76.1885,0.000741895,2.35857,25.4816,400737864,1682959064,262263,1101413,1.01576,1.01576,121,121,194.571,618564,ns3::ThompsonSamplingWifiManager,B
407457,2,1,27,1,76.6005,0.000730307,2.40353,25.1283,393803800,1682959064,257725,1101413,1.43104,1.43104,120.997,120.997,188.218,619450,ns3::ThompsonSamplingWifiManager,B
407457,1,1,25,2,25.9024,8.87591e-05,1.15039,79.2884,1247032888,1682959064,816121,1101413,1.00616,1.00616,121,121,72.4381,938856,ns3::ThompsonSamplingWifiManager,D
407457,2,1,25,2,43.2515,0.000235724,1.39427,60.7305,955053480,1682959064,625035,1101413,1.01776,1.01776,120.998,120.998,147.336,871469,ns3::ThompsonSamplingWifiManager,D
407457,1,1,27,2,36.5995,0.000223664,1.32597,67.8419,1067003928,1682959064,698301,1101413,1.00642,1.00642,121,121,156.185,925928,ns3::ThompsonSamplingWifiManager,D
407457,2,1,27,2,59.6524,0.000358557,1.71465,43.1801,679034032,1682959064,444394,1101413,1.01856,1.01856,120.995,120.995,159.34,761982,ns3::ThompsonSamplingWifiManager,D
407457,1,1,29,1,75.8746,0.00077077,2.31526,25.8182,406020160,1682959064,265720,1101413,1.01576,1.01576,120.996,120.996,204.808,615210,ns3::ThompsonSamplingWifiManager,B
407457,2,1,29,1,79.4614,0.000886865,2.55094,22.2728,345656520,1682959064,226215,1101413,2.51934,2.51934,120.922,120.922,200.621,577062,ns3::ThompsonSamplingWifiManager,B
407457,1,1,29,2,42.2815,0.000257551,1.40404,61.7638,971378632,1682959064,635719,1101413,1.00642,1.00642,120.996,120.996,163.73,892576,ns3::ThompsonSamplingWifiManager,D
407457,2,1,29,2,62.2554,0.000448284,1.80233,40.3969,635226272,1682959064,415724,1101413,1.02988,1.02988,120.999,120.999,186.362,749271,ns3::ThompsonSamplingWifiManager,D
407457,1,1,31,2,36.8541,0.000226853,1.33143,67.5808,1062719416,1682959064,695497,1101413,1.0223,1.0223,120.996,120.996,157.776,926006,ns3::ThompsonSamplingWifiManager,D
407457,2,1,31,2,56.5898,0.000358421,1.61659,46.4657,730576528,1682959064,478126,1101413,1.042,1.042,120.998,120.998,171.37,772933,ns3::ThompsonSamplingWifiManager,D
407458,1,1,1,1,46.7543,0.000198504,1.43613,56.9748,896103240,1682959064,586455,1101413,1.00369,1.00369,120.999,120.999,116.413,842224,ns3::ThompsonSamplingWifiManager,B
407458,2,1,1,1,46.4068,0.000195713,1.41125,57.3539,901952424,1682959064,590283,1101413,1.01945,1.01945,121,121,115.526,833035,ns3::ThompsonSamplingWifiManager,B
407458,1,1,1,2,2.58759,1.66744e-05,0.0897076,104.235,1639411064,1682959064,1072913,1101413,1.00402,1.00402,121,121,17.8902,96248.5,ns3::ThompsonSamplingWifiManager,C
407458,2,1,1,2,7.2653,2.79196e-05,0.30817,99.2366,1560686976,1682959064,1021392,1101413,1.0131,1.0131,121,121,28.5169,314762,ns3::ThompsonSamplingWifiManager,C
407458,1,1,1,2,6.38035,2.58289e-05,0.242594,100.176,1575580392,1682959064,1031139,1101413,1.00412,1.00412,121,121,26.6331,250148,ns3::ThompsonSamplingWifiManager,D
407458,2,1,1,2,1.9741,1.52704e-05,0.0792336,104.899,1649735760,1682959064,1079670,1101413,1.01279,1.01279,121,121,16.487,85546.1,ns3::ThompsonSamplingWifiManager,D
