rngRun,flow,nStations,distance,linksNumber,loss,jitter,latency,throughput,rxBytes,txBytes,rxPackets,txPackets,timeFirstRxPacket,timeFirstTxPacket,timeLastRxPacket,timeLastTxPacket,jitterSum,delaySum,rateAdaptationManager
407456,1,1,3,1,54.7315,0.000231163,1.42072,57.4986,904256648,1997539120,591791,1307290,1.0095,1.0095,120.994,120.994,136.8,840768,ns3::IdealWifiManager
407456,2,1,3,1,54.4833,0.000229134,1.41257,57.8146,909213480,1997539120,595035,1307290,1.01744,1.01744,121,121,136.342,840528,ns3::IdealWifiManager
407456,1,1,1,1,48.3123,0.00018135,1.26257,65.648,1032481824,1997539120,675708,1307290,1.0083,1.0083,121,121,122.54,853130,ns3::IdealWifiManager
407456,2,1,1,1,48.28,0.000180685,1.27133,65.6964,1033128168,1997539120,676131,1307290,1.02124,1.02124,120.999,120.999,122.166,859584,ns3::IdealWifiManager
407456,1,1,1,2,0.394557,1.1721e-05,0.0492588,126.51,1989657696,1997539120,1302132,1307290,1.01028,1.01028,121,121,15.2622,64141.5,ns3::IdealWifiManager
407456,2,1,1,2,4.45724,1.9461e-05,0.144376,121.354,1908504088,1997539120,1249021,1307290,1.01416,1.01416,121,121,24.3072,180328,ns3::IdealWifiManager
407456,1,1,1,3,0.408402,1.17477e-05,0.0495159,126.491,1989381128,1997539120,1301951,1307290,1.00933,1.00933,121,121,15.2949,64467.3,ns3::IdealWifiManager
407456,2,1,1,3,4.72397,2.0043e-05,0.156612,121.01,1903175952,1997539120,1245534,1307290,1.00927,1.00927,121,121,24.9643,195066,ns3::IdealWifiManager
407456,1,1,5,1,54.6378,0.000230282,1.41908,57.6182,906126920,1997539120,593015,1307290,1.0095,1.0095,120.992,120.992,136.56,841535,ns3::IdealWifiManager
407456,2,1,5,1,54.4243,0.000228297,1.41156,57.8896,910391568,1997539120,595806,1307290,1.01744,1.01744,121,121,136.021,841014,ns3::IdealWifiManager
407456,1,1,3,2,0.943173,1.41986e-05,0.0525741,125.813,1978698880,1997539120,1294960,1307290,1.01028,1.01028,121,121,18.3866,68081.4,ns3::IdealWifiManager
407456,2,1,3,2,4.45624,1.94539e-05,0.14488,121.355,1908523952,1997539120,1249034,1307290,1.01436,1.01436,121,121,24.2986,180960,ns3::IdealWifiManager
407456,1,1,3,3,1.02387,1.40658e-05,0.0533953,125.71,1977086840,1997539120,1293905,1307290,1.00933,1.00933,121,121,18.1998,69088.5,ns3::IdealWifiManager
407456,2,1,3,3,4.71058,2.00187e-05,0.157379,121.027,1903443352,1997539120,1245709,1307290,1.00927,1.00927,121,121,24.9375,196048,ns3::IdealWifiManager
407456,1,1,7,1,54.7865,0.000231534,1.42252,57.4257,903156488,1997539120,591071,1307290,1.0095,1.0095,121,121,136.853,840810,ns3::IdealWifiManager
407456,2,1,7,1,54.6118,0.00023038,1.41568,57.6545,906646440,1997539120,593355,1307290,1.01744,1.01744,120.994,120.994,136.697,840000,ns3::IdealWifiManager
407456,1,1,5,2,1.12477,1.67225e-05,0.0541391,125.582,1975071408,1997539120,1292586,1307290,1.01028,1.01028,121,121,21.6152,69979.4,ns3::IdealWifiManager
407456,2,1,5,2,4.45624,1.94539e-05,0.14488,121.355,1908523952,1997539120,1249034,1307290,1.01436,1.01436,121,121,24.2986,180960,ns3::IdealWifiManager
407456,1,1,9,1,58.929,0.000260804,1.52219,52.1644,820409176,1997539120,536917,1307290,1.00951,1.00951,121,121,140.03,817289,ns3::IdealWifiManager
407456,2,1,9,1,58.7816,0.000259539,1.51657,52.3569,823353632,1997539120,538844,1307290,1.01852,1.01852,120.997,120.997,139.851,817196,ns3::IdealWifiManager
407456,1,1,7,2,16.6051,3.80472e-05,0.835393,105.921,1665845464,1997539120,1090213,1307290,1.01029,1.01029,121,121,41.4795,910757,ns3::IdealWifiManager
407456,2,1,7,2,4.45624,1.94539e-05,0.14488,121.355,1908523952,1997539120,1249034,1307290,1.01436,1.01436,121,121,24.2986,180960,ns3::IdealWifiManager
407456,1,1,5,3,1.1992,1.66869e-05,0.0549391,125.487,1973584664,1997539120,1291613,1307290,1.00933,1.00933,121,121,21.5531,70960.1,ns3::IdealWifiManager
407456,2,1,5,3,4.71058,2.00187e-05,0.157379,121.027,1903443352,1997539120,1245709,1307290,1.00927,1.00927,121,121,24.9375,196048,ns3::IdealWifiManager
407456,1,1,11,1,61.955,0.000295716,1.60457,48.321,759963024,1997539120,497358,1307290,1.00952,1.00952,121,121,147.076,798045,ns3::IdealWifiManager
407456,2,1,11,1,61.8289,0.000293829,1.59774,48.4875,762482696,1997539120,499007,1307290,1.01955,1.01955,120.994,120.994,146.622,797283,ns3::IdealWifiManager
407456,1,1,7,3,16.6557,3.81389e-05,0.835573,105.856,1664835456,1997539120,1089552,1307290,1.00934,1.00934,121,121,41.5543,910400,ns3::IdealWifiManager
407456,2,1,7,3,4.71058,2.00187e-05,0.157379,121.027,1903443352,1997539120,1245709,1307290,1.00927,1.00927,121,121,24.9375,196048,ns3::IdealWifiManager
407456,1,1,9,2,24.5177,6.13207e-05,0.995579,95.8708,1507787616,1997539120,986772,1307290,1.01031,1.01031,121,121,60.5095,982410,ns3::IdealWifiManager
407456,2,1,9,2,13.2622,2.70462e-05,0.791679,110.17,1732622120,1997539120,1133915,1307290,1.01437,1.01437,121,121,30.668,897697,ns3::IdealWifiManager
407456,1,1,9,3,24.5314,6.14143e-05,0.99527,95.8527,1507514104,1997539120,986593,1307290,1.00935,1.00935,121,121,60.5909,981927,ns3::IdealWifiManager
407456,2,1,9,3,13.5654,2.7783e-05,0.796014,109.781,1726565128,1997539120,1129951,1307290,1.00928,1.00928,121,121,31.3933,899457,ns3::IdealWifiManager
407456,1,1,13,1,61.9455,0.000296137,1.60451,48.3331,760154024,1997539120,497483,1307290,1.00952,1.00952,121,121,147.323,798215,ns3::IdealWifiManager
407456,2,1,13,1,61.8595,0.000295171,1.59883,48.4476,761871496,1997539120,498607,1307290,1.01955,1.01955,120.997,120.997,147.174,797186,ns3::IdealWifiManager
407456,1,1,11,2,32.544,8.8063e-05,1.08042,85.676,1347459160,1997539120,881845,1307290,1.00947,1.00947,121,121,77.6578,952763,ns3::IdealWifiManager
407456,2,1,11,2,19.4907,4.35333e-05,0.889788,102.259,1608204720,1997539120,1052490,1307290,1.01437,1.01437,121,121,45.8183,936493,ns3::IdealWifiManager
407456,1,1,11,3,32.5856,8.82004e-05,1.07977,85.6232,1346629456,1997539120,881302,1307290,1.00937,1.00937,121,121,77.7311,951608,ns3::IdealWifiManager
407456,2,1,11,3,19.7272,4.41172e-05,0.900085,101.954,1603480144,1997539120,1049398,1307290,1.00929,1.00929,121,121,46.2965,944547,ns3::IdealWifiManager
407456,1,1,15,1,65.5848,0.000346003,1.71628,43.7118,687457896,1997539120,449907,1307290,1.00953,1.00953,120.997,120.997,155.669,772166,ns3::IdealWifiManager
407456,2,1,15,1,65.3343,0.00034259,1.70471,44.0333,692460568,1997539120,453181,1307290,1.02131,1.02131,121,121,155.255,772542,ns3::IdealWifiManager
407456,1,1,13,2,32.6261,8.8211e-05,1.08033,85.5717,1345819616,1997539120,880772,1307290,1.00947,1.00947,121,121,77.6937,951525,ns3::IdealWifiManager
407456,2,1,13,2,19.5055,4.52634e-05,0.890311,102.24,1607908288,1997539120,1052296,1307290,1.01437,1.01437,121,121,47.6304,936871,ns3::IdealWifiManager
407456,1,1,13,3,32.6934,8.84578e-05,1.08161,85.4863,1344476504,1997539120,879893,1307290,1.00937,1.00937,121,121,77.8333,951698,ns3::IdealWifiManager
407456,2,1,13,3,19.7703,4.59242e-05,0.89666,101.9,1602619880,1997539120,1048835,1307290,1.00929,1.00929,121,121,48.1668,940448,ns3::IdealWifiManager
407456,1,1,17,1,69.3935,0.000409058,1.85068,38.8734,611377248,1997539120,400116,1307290,1.00954,1.00954,121,121,163.67,740488,ns3::IdealWifiManager
407456,2,1,17,1,69.0125,0.00040202,1.83475,39.3628,618988216,1997539120,405097,1307290,1.02273,1.02273,120.997,120.997,162.857,743253,ns3::IdealWifiManager
407456,1,1,15,2,32.6868,9.11863e-05,1.08067,85.4946,1344607912,1997539120,879979,1307290,1.00947,1.00947,121,121,80.242,950971,ns3::IdealWifiManager
407456,2,1,15,2,27.1019,6.68003e-05,1.02432,92.5918,1456167192,1997539120,952989,1307290,1.01439,1.01439,121,121,63.6598,976163,ns3::IdealWifiManager
407456,1,1,15,3,32.7136,9.13754e-05,1.0823,85.4605,1344071584,1997539120,879628,1307290,1.00937,1.00937,121,121,80.3762,952024,ns3::IdealWifiManager
407456,2,1,15,3,27.3124,6.7482e-05,1.02697,92.3206,1451963664,1997539120,950238,1307290,1.0093,1.0093,121,121,64.1239,975865,ns3::IdealWifiManager
407456,1,1,19,1,69.5325,0.000411363,1.85621,38.6984,608599344,1997539120,398298,1307290,1.00954,1.00954,120.995,120.995,163.845,739325,ns3::IdealWifiManager
407456,2,1,19,1,69.1929,0.000404872,1.84205,39.1325,615383664,1997539120,402738,1307290,1.02273,1.02273,121,121,163.057,741862,ns3::IdealWifiManager
407456,1,1,17,2,39.4879,0.000124052,1.14088,76.8565,1208751904,1997539120,791068,1307290,1.00949,1.00949,121,121,98.1333,902512,ns3::IdealWifiManager
407456,2,1,17,2,34.8966,9.38602e-05,1.10293,82.6914,1300465520,1997539120,851090,1307290,1.0144,1.0144,121,121,79.8834,938696,ns3::IdealWifiManager
407456,1,1,17,3,39.5343,0.000124267,1.14113,76.7976,1207825936,1997539120,790462,1307290,1.00938,1.00938,121,121,98.228,902019,ns3::IdealWifiManager
407456,2,1,17,3,35.0954,9.47168e-05,1.10392,82.4353,1296494248,1997539120,848491,1307290,1.00932,1.00932,121,121,80.3662,936665,ns3::IdealWifiManager
407456,1,1,19,2,49.5599,0.000173918,1.30593,64.0641,1007560144,1997539120,659398,1307290,1.00952,1.00952,121,121,114.681,861129,ns3::IdealWifiManager
407456,2,1,19,2,34.8998,9.38688e-05,1.10296,82.6872,1300401344,1997539120,851048,1307290,1.0144,1.0144,121,121,79.8868,938669,ns3::IdealWifiManager
407456,1,1,21,1,69.5875,0.000412673,1.85851,38.6275,607502240,1997539120,397580,1307290,1.00954,1.00954,120.999,120.999,164.07,738907,ns3::IdealWifiManager
407456,2,1,21,1,69.3571,0.000407805,1.84781,38.924,612104576,1997539120,400592,1307290,1.02273,1.02273,121,121,163.363,740219,ns3::IdealWifiManager
407456,1,1,19,3,49.563,0.000174022,1.30537,64.0601,1007499024,1997539120,659358,1307290,1.00941,1.00941,121,121,114.742,860708,ns3::IdealWifiManager
407456,2,1,19,3,35.0918,9.46897e-05,1.1029,82.44,1296567592,1997539120,848539,1307290,1.00932,1.00932,121,121,80.3478,935855,ns3::IdealWifiManager
407456,1,1,23,1,69.5438,0.000411884,1.85638,38.6825,608374728,1997539120,398151,1307290,1.00954,1.00954,121,121,163.992,739118,ns3::IdealWifiManager
407456,2,1,23,1,69.3299,0.000407452,1.84687,38.9627,612647016,1997539120,400947,1307290,1.02273,1.02273,120.987,120.987,163.366,740496,ns3::IdealWifiManager
407456,1,1,21,2,49.5443,0.000174033,1.30548,64.084,1007871856,1997539120,659602,1307290,1.00955,1.00955,121,121,114.792,861097,ns3::IdealWifiManager
407456,2,1,21,2,34.881,9.379e-05,1.10132,82.7109,1300777232,1997539120,851294,1307290,1.01404,1.01404,121,121,79.8428,937549,ns3::IdealWifiManager
407456,1,1,21,3,49.5706,0.00017404,1.30593,64.0505,1007346224,1997539120,659258,1307290,1.00941,1.00941,121,121,114.737,860943,ns3::IdealWifiManager
407456,2,1,21,3,35.0918,9.46987e-05,1.10373,82.44,1296567592,1997539120,848539,1307290,1.00932,1.00932,121,121,80.3554,936555,ns3::IdealWifiManager
407456,1,1,23,2,49.6152,0.000175783,1.30728,63.9939,1006455400,1997539120,658675,1307290,1.00955,1.00955,121,121,115.784,861075,ns3::IdealWifiManager
407456,2,1,23,2,34.8826,9.39157e-05,1.10175,82.7089,1300745144,1997539120,851273,1307290,1.01404,1.01404,121,121,79.9478,937890,ns3::IdealWifiManager
407456,1,1,25,1,69.4798,0.000413368,1.85425,38.7666,609652136,1997539120,398987,1307290,1.00954,1.00954,120.991,120.991,164.928,739820,ns3::IdealWifiManager
407456,2,1,25,1,69.2469,0.000408549,1.84389,39.0639,614304896,1997539120,402032,1307290,1.02273,1.02273,121,121,164.25,741302,ns3::IdealWifiManager
407456,1,1,27,1,69.9159,0.000460499,1.8734,38.2114,600942536,1997539120,393287,1307290,1.00954,1.00954,120.995,120.995,181.108,736785,ns3::IdealWifiManager
407456,2,1,27,1,69.6287,0.000453959,1.86094,38.58,606678648,1997539120,397041,1307290,1.02273,1.02273,120.997,120.997,180.24,738871,ns3::IdealWifiManager
407456,1,1,23,3,49.6231,0.000175879,1.30746,63.9837,1006298016,1997539120,658572,1307290,1.00941,1.00941,121,121,115.829,861053,ns3::IdealWifiManager
407456,2,1,23,3,35.0833,9.47481e-05,1.10364,82.4506,1296735672,1997539120,848649,1307290,1.00932,1.00932,121,121,80.4078,936601,ns3::IdealWifiManager
407456,1,1,25,2,54.5486,0.000202064,1.42026,57.728,907910096,1997539120,594182,1307290,1.00957,1.00957,121,121,120.062,843891,ns3::IdealWifiManager
407456,2,1,25,2,34.9249,9.74548e-05,1.10187,82.6552,1299900160,1997539120,850720,1307290,1.01404,1.01404,121,121,82.9066,937381,ns3::IdealWifiManager
407456,1,1,25,3,54.6131,0.000203857,1.42178,57.6459,906620464,1997539120,593338,1307290,1.00943,1.00943,121,121,120.956,843597,ns3::IdealWifiManager
407456,2,1,25,3,35.1547,9.82275e-05,1.10414,82.36,1295310048,1997539120,847716,1307290,1.00932,1.00932,121,121,83.269,936001,ns3::IdealWifiManager
407456,1,1,29,1,72.5557,0.000490213,1.9838,34.857,548209728,1997539120,358776,1307290,1.00956,1.00956,121,121,175.876,711741,ns3::IdealWifiManager
407456,2,1,29,1,72.5238,0.000489421,1.97914,34.9032,548846904,1997539120,359193,1307290,1.02391,1.02391,120.995,120.995,175.796,710892,ns3::IdealWifiManager
407456,1,1,27,2,54.9039,0.000229998,1.42841,57.2767,900812536,1997539120,589537,1307290,1.00959,1.00959,121,121,135.592,842101,ns3::IdealWifiManager
407456,2,1,27,2,35.7697,0.000139492,1.10949,81.5831,1283024928,1997539120,839676,1307290,1.01426,1.01426,120.999,120.999,117.128,931611,ns3::IdealWifiManager
407456,1,1,27,3,54.9535,0.000231082,1.42955,57.2137,899822392,1997539120,588889,1307290,1.00943,1.00943,121,121,136.082,841848,ns3::IdealWifiManager
407456,2,1,27,3,35.9922,0.000141941,1.11213,81.2963,1278579976,1997539120,836767,1307290,1.00944,1.00944,121,121,118.772,930590,ns3::IdealWifiManager
407456,1,1,31,1,77.1426,0.000604486,2.21778,29.035,456584736,1997539120,298812,1307290,1.00959,1.00959,120.984,120.984,180.627,662699,ns3::IdealWifiManager
407456,2,1,31,1,76.8334,0.0005935,2.19849,29.4288,462762440,1997539120,302855,1307290,1.02905,1.02905,121,121,179.744,665823,ns3::IdealWifiManager
407456,1,1,29,2,59.6643,0.000262175,1.5444,51.2306,805722040,1997539120,527305,1307290,1.00961,1.00961,121,121,138.246,814372,ns3::IdealWifiManager
407456,2,1,29,2,41.6767,0.000140062,1.15631,74.0795,1165031240,1997539120,762455,1307290,1.01427,1.01427,121,121,106.791,881636,ns3::IdealWifiManager
407456,1,1,33,1,77.1031,0.000602265,2.21531,29.0828,457374712,1997539120,299329,1307290,1.00959,1.00959,120.994,120.994,180.275,663108,ns3::IdealWifiManager
407456,2,1,33,1,76.8038,0.000592555,2.19693,29.4663,463352248,1997539120,303241,1307290,1.02905,1.02905,121,121,179.686,666198,ns3::IdealWifiManager
407456,1,1,31,2,69.7551,0.000385251,1.87064,38.4142,604152864,1997539120,395388,1307290,1.00967,1.00967,121,121,152.323,739629,ns3::IdealWifiManager
407456,2,1,31,2,51.1637,0.000182214,1.34395,62.0296,975524096,1997539120,638432,1307290,1.01429,1.01429,121,121,116.331,858019,ns3::IdealWifiManager
407456,1,1,29,3,59.7044,0.000262647,1.5455,51.1797,804919840,1997539120,526780,1307290,1.00945,1.00945,120.999,120.999,138.357,814137,ns3::IdealWifiManager
407456,2,1,29,3,41.8745,0.000141572,1.15677,73.8253,1161079832,1997539120,759869,1307290,1.00945,1.00945,121,121,107.576,878992,ns3::IdealWifiManager
407456,1,1,31,3,69.7532,0.000383845,1.87053,38.4165,604191064,1997539120,395413,1307290,1.00953,1.00953,121,121,151.777,739632,ns3::IdealWifiManager
407456,2,1,31,3,51.3256,0.000183469,1.34747,61.8215,972290848,1997539120,636316,1307290,1.00948,1.00948,121,121,116.744,857414,ns3::IdealWifiManager
407456,1,1,35,1,77.0667,0.000601776,2.21359,29.1277,458102040,1997539120,299805,1307290,1.00959,1.00959,121,121,180.415,663645,ns3::IdealWifiManager
407456,2,1,35,1,76.865,0.000593625,2.19884,29.3888,462131376,1997539120,302442,1307290,1.02905,1.02905,120.999,120.999,179.536,665021,ns3::IdealWifiManager
407456,1,1,33,2,69.7325,0.000384641,1.86966,38.4434,604605152,1997539120,395684,1307290,1.01133,1.01133,121,121,152.196,739796,ns3::IdealWifiManager
407456,2,1,33,2,51.1473,0.000182134,1.34357,62.0516,975852616,1997539120,638647,1307290,1.01654,1.01654,121,121,116.319,858064,ns3::IdealWifiManager
407456,1,1,33,3,69.7535,0.000384069,1.87056,38.4161,604184952,1997539120,395409,1307290,1.00953,1.00953,121,121,151.864,739637,ns3::IdealWifiManager
407456,2,1,33,3,51.2948,0.000183252,1.34692,61.8605,972905104,1997539120,636718,1307290,1.00948,1.00948,121,121,116.68,857610,ns3::IdealWifiManager
407456,1,1,35,2,69.7265,0.000384588,1.86948,38.4511,604725864,1997539120,395763,1307290,1.01133,1.01133,121,121,152.206,739869,ns3::IdealWifiManager
407456,2,1,35,2,51.1183,0.00018185,1.34283,62.0884,976430200,1997539120,639025,1307290,1.01661,1.01661,121,121,116.207,858101,ns3::IdealWifiManager
407456,1,1,37,1,76.9627,0.00059806,2.20713,29.2597,460178592,1997539120,301164,1307290,1.00959,1.00959,121,121,180.114,664708,ns3::IdealWifiManager
407456,2,1,37,1,76.8149,0.000592448,2.19663,29.4587,463130688,1997539120,303096,1307290,1.02905,1.02905,120.974,120.974,179.568,665789,ns3::IdealWifiManager
407456,1,1,35,3,69.6923,0.000385584,1.86814,38.4943,605407352,1997539120,396209,1307290,1.01106,1.01106,121,121,152.772,740173,ns3::IdealWifiManager
407456,2,1,35,3,51.279,0.000183144,1.34653,61.8807,973221400,1997539120,636925,1307290,1.00948,1.00948,121,121,116.649,857641,ns3::IdealWifiManager
407456,1,1,39,1,77.0031,0.000604053,2.21046,29.2096,459371808,1997539120,300636,1307290,1.00959,1.00959,120.995,120.995,181.599,664543,ns3::IdealWifiManager
407456,2,1,39,1,76.904,0.000599801,2.20187,29.3393,461352096,1997539120,301932,1307290,1.02905,1.02905,120.999,120.999,181.098,664814,ns3::IdealWifiManager
407456,1,1,37,2,69.7186,0.000384574,1.86911,38.4606,604883248,1997539120,395866,1307290,1.00979,1.00979,121,121,152.239,739919,ns3::IdealWifiManager
407456,2,1,37,2,51.0863,0.000182144,1.34209,62.1291,977070432,1997539120,639444,1307290,1.01662,1.01662,121,121,116.471,858191,ns3::IdealWifiManager
407456,1,1,37,3,69.8213,0.000394568,1.87331,38.3306,602831144,1997539120,394523,1307290,1.011,1.011,121,121,155.666,739064,ns3::IdealWifiManager
407456,2,1,37,3,51.2212,0.000183097,1.34532,61.9542,974376568,1997539120,637681,1307290,1.00958,1.00958,121,121,116.757,857883,ns3::IdealWifiManager
407456,1,1,41,1,79.2278,0.000680559,2.34657,26.3829,414932984,1997539120,271553,1307290,1.0096,1.0096,121,121,184.807,637218,ns3::IdealWifiManager
407456,2,1,41,1,79.0678,0.000674221,2.33417,26.592,418128032,1997539120,273644,1307290,1.02955,1.02955,120.993,120.993,184.496,638731,ns3::IdealWifiManager
407456,1,1,39,2,69.7349,0.00038391,1.86979,38.4398,604556256,1997539120,395652,1307290,1.0098,1.0098,121,121,151.894,739784,ns3::IdealWifiManager
407456,2,1,39,2,51.103,0.000186637,1.34257,62.1078,976735800,1997539120,639225,1307290,1.01665,1.01665,121,121,119.303,858203,ns3::IdealWifiManager
407456,1,1,39,3,79.8078,0.000630609,2.39028,25.6464,403346160,1997539120,263970,1307290,1.01102,1.01102,121,121,166.461,630962,ns3::IdealWifiManager
407456,2,1,39,3,51.2693,0.000188051,1.34647,61.8931,973415456,1997539120,637052,1307290,1.00958,1.00958,121,121,119.798,857769,ns3::IdealWifiManager
407457,1,1,1,1,48.4592,0.000182191,1.2746,65.463,1029548064,1997539120,673788,1307290,1.00942,1.00942,120.998,120.998,122.758,858808,ns3::IdealWifiManager
407457,2,1,1,1,48.0745,0.000179692,1.2596,65.9545,1037232376,1997539120,678817,1307290,1.01635,1.01635,121,121,121.978,855040,ns3::IdealWifiManager
407456,1,1,41,2,69.8348,0.000392266,1.87373,38.3131,602562216,1997539120,394347,1307290,1.0098,1.0098,121,121,154.688,738898,ns3::IdealWifiManager
407456,2,1,41,2,55.841,0.000218643,1.44921,56.0898,882093008,1997539120,577286,1307290,1.01667,1.01667,121,121,126.219,836609,ns3::IdealWifiManager
407456,1,1,41,3,79.8068,0.000630908,2.39011,25.6478,403367552,1997539120,263984,1307290,1.01102,1.01102,121,121,166.549,630952,ns3::IdealWifiManager
407456,2,1,41,3,55.9745,0.000219912,1.45234,55.9169,879426648,1997539120,575541,1307290,1.0096,1.0096,121,121,126.568,835884,ns3::IdealWifiManager
407457,1,1,3,1,54.8814,0.000232539,1.42392,57.3052,901261768,1997539120,589831,1307290,1.00942,1.00942,121,121,137.158,839874,ns3::IdealWifiManager
407457,2,1,3,1,54.1859,0.000226492,1.40618,58.2109,915154344,1997539120,598923,1307290,1.05416,1.05416,120.999,120.999,135.651,842195,ns3::IdealWifiManager
407457,1,1,1,2,0.386372,1.1709e-05,0.0495618,126.515,1989821192,1997539120,1302239,1307290,1.00536,1.00536,121,121,15.2479,64541.4,ns3::IdealWifiManager
407457,2,1,1,2,4.4479,1.94383e-05,0.145538,121.362,1908690504,1997539120,1249143,1307290,1.01029,1.01029,121,121,24.2811,181797,ns3::IdealWifiManager
407457,1,1,1,3,0.406872,1.17458e-05,0.0492626,126.491,1989411688,1997539120,1301971,1307290,1.00733,1.00733,121,121,15.2927,64138.4,ns3::IdealWifiManager
407457,2,1,1,3,4.71961,2.00224e-05,0.156955,121.021,1903263048,1997539120,1245591,1307290,1.01501,1.01501,121,121,24.9397,195501,ns3::IdealWifiManager
407457,1,1,5,1,54.8794,0.000232685,1.42377,57.3094,901301496,1997539120,589857,1307290,1.00942,1.00942,120.997,120.997,137.251,839822,ns3::IdealWifiManager
407457,2,1,5,1,54.3321,0.000227485,1.40918,58.0245,912234336,1997539120,597012,1307290,1.05416,1.05416,121,121,135.811,841297,ns3::IdealWifiManager
407457,1,1,3,2,0.958395,1.40676e-05,0.0529753,125.789,1978394808,1997539120,1294761,1307290,1.00536,1.00536,121,121,18.2142,68590.4,ns3::IdealWifiManager
407457,2,1,3,2,4.44645,1.94434e-05,0.144669,121.364,1908719536,1997539120,1249162,1307290,1.01049,1.01049,121,121,24.2879,180715,ns3::IdealWifiManager
407457,1,1,7,1,54.9775,0.000233491,1.42613,57.1831,899341072,1997539120,588574,1307290,1.00942,1.00942,121,121,137.426,839383,ns3::IdealWifiManager
407457,2,1,7,1,54.3877,0.000228085,1.41036,57.9555,911123480,1997539120,596285,1307290,1.05416,1.05416,120.996,120.996,136.003,840979,ns3::IdealWifiManager
407457,1,1,3,3,1.03519,1.40062e-05,0.0532524,125.693,1976860696,1997539120,1293757,1307290,1.00734,1.00734,121,121,18.1206,68895.6,ns3::IdealWifiManager
407457,2,1,3,3,4.71961,2.00224e-05,0.156955,121.021,1903263048,1997539120,1245591,1307290,1.01501,1.01501,121,121,24.9397,195501,ns3::IdealWifiManager
407457,1,1,5,2,1.13655,1.68103e-05,0.0543687,125.562,1974836096,1997539120,1292432,1307290,1.00536,1.00536,121,121,21.7262,70267.9,ns3::IdealWifiManager
407457,2,1,5,2,4.44645,1.94434e-05,0.144669,121.364,1908719536,1997539120,1249162,1307290,1.01049,1.01049,121,121,24.2879,180715,ns3::IdealWifiManager
407457,1,1,5,3,1.20019,1.67995e-05,0.0549274,125.484,1973564800,1997539120,1291600,1307290,1.00737,1.00737,121,121,21.6982,70944.2,ns3::IdealWifiManager
407457,2,1,5,3,4.71739,2.00153e-05,0.15626,121.024,1903307360,1997539120,1245620,1307290,1.01501,1.01501,121,121,24.9314,194640,ns3::IdealWifiManager
407457,1,1,7,2,16.5861,3.79868e-05,0.834101,105.94,1666224408,1997539120,1090461,1307290,1.00538,1.00538,121,121,41.4231,909555,ns3::IdealWifiManager
407457,2,1,7,2,4.44645,1.94434e-05,0.144669,121.364,1908719536,1997539120,1249162,1307290,1.01049,1.01049,121,121,24.2879,180715,ns3::IdealWifiManager
407457,1,1,9,1,59.1219,0.000263365,1.52723,51.9211,816555560,1997539120,534395,1307290,1.00943,1.00943,120.996,120.996,140.741,816142,ns3::IdealWifiManager
407457,2,1,9,1,58.6078,0.000257397,1.51209,52.5938,826825248,1997539120,541116,1307290,1.0584,1.0584,121,121,139.281,818215,ns3::IdealWifiManager
407457,1,1,7,3,16.6366,3.81488e-05,0.834744,105.878,1665217456,1997539120,1089802,1307290,1.00738,1.00738,121,121,41.5746,909706,ns3::IdealWifiManager
407457,2,1,7,3,4.71739,2.00153e-05,0.15626,121.024,1903307360,1997539120,1245620,1307290,1.01501,1.01501,121,121,24.9314,194640,ns3::IdealWifiManager
407457,1,1,11,1,62.0386,0.000296427,1.60585,48.2149,758294448,1997539120,496266,1307290,1.00944,1.00944,121,121,147.106,796927,ns3::IdealWifiManager
407457,2,1,11,1,61.5766,0.00029068,1.59186,48.8271,767522040,1997539120,502305,1307290,1.06194,1.06194,120.99,120.99,146.01,799597,ns3::IdealWifiManager
407457,1,1,9,2,24.4959,6.13601e-05,0.995219,95.8962,1508224624,1997539120,987058,1307290,1.00539,1.00539,120.998,120.998,60.566,982339,ns3::IdealWifiManager
407457,2,1,9,2,13.2606,2.70464e-05,0.790398,110.169,1732652680,1997539120,1133935,1307290,1.0105,1.0105,121,121,30.6688,896260,ns3::IdealWifiManager
407457,1,1,9,3,24.5238,6.14521e-05,0.995632,95.8608,1507666904,1997539120,986693,1307290,1.00741,1.00741,121,121,60.6343,982383,ns3::IdealWifiManager
407457,2,1,9,3,13.5536,2.7737e-05,0.794862,109.801,1726800440,1997539120,1130105,1307290,1.01502,1.01502,121,121,31.3457,898277,ns3::IdealWifiManager
407457,1,1,13,1,62.0862,0.00029823,1.60727,48.1567,757342504,1997539120,495643,1307290,1.00944,1.00944,120.994,120.994,147.815,796630,ns3::IdealWifiManager
407457,2,1,13,1,61.5956,0.000292279,1.59241,48.7989,767143096,1997539120,502057,1307290,1.06194,1.06194,121,121,146.74,799482,ns3::IdealWifiManager
407457,1,1,11,2,32.5575,8.81096e-05,1.0806,85.656,1347190232,1997539120,881669,1307290,1.00541,1.00541,121,121,77.6834,952728,ns3::IdealWifiManager
407457,2,1,11,2,19.4599,4.34254e-05,0.890553,102.295,1608820504,1997539120,1052893,1307290,1.0105,1.0105,121,121,45.7223,937657,ns3::IdealWifiManager
407457,1,1,11,3,32.5639,8.82037e-05,1.08012,85.6494,1347063408,1997539120,881586,1307290,1.00743,1.00743,121,121,77.759,952219,ns3::IdealWifiManager
407457,2,1,11,3,19.7454,4.41565e-05,0.898595,101.936,1603116480,1997539120,1049160,1307290,1.01503,1.01503,121,121,46.3272,942770,ns3::IdealWifiManager
407457,1,1,15,1,65.6688,0.000347711,1.71818,43.6056,685778624,1997539120,448808,1307290,1.00945,1.00945,120.996,120.996,156.055,771134,ns3::IdealWifiManager
407457,2,1,15,1,65.2896,0.000341762,1.70389,44.1069,693354448,1997539120,453766,1307290,1.06686,1.06686,121,121,155.08,773166,ns3::IdealWifiManager
407457,1,1,13,2,32.6322,8.81581e-05,1.08155,85.5611,1345697376,1997539120,880692,1307290,1.00541,1.00541,121,121,77.64,952514,ns3::IdealWifiManager
407457,2,1,13,2,19.501,4.546e-05,0.892543,102.243,1607998440,1997539120,1052355,1307290,1.0105,1.0105,121,121,47.84,939272,ns3::IdealWifiManager
407457,1,1,13,3,32.6778,8.83199e-05,1.08131,85.5046,1344786688,1997539120,880096,1307290,1.00753,1.00753,121,121,77.7299,951660,ns3::IdealWifiManager
407457,2,1,13,3,19.784,4.60612e-05,0.900572,101.887,1602346368,1997539120,1048656,1307290,1.01503,1.01503,121,121,48.3024,944391,ns3::IdealWifiManager
407457,1,1,17,1,69.4121,0.000409983,1.85089,38.8498,611005944,1997539120,399873,1307290,1.00946,1.00946,121,121,163.941,740120,ns3::IdealWifiManager
407457,2,1,17,1,69.0742,0.000402918,1.83705,39.2995,617755120,1997539120,404290,1307290,1.07172,1.07172,120.999,120.999,162.895,742700,ns3::IdealWifiManager
407457,1,1,15,2,32.7068,9.12627e-05,1.08083,85.4674,1344207576,1997539120,879717,1307290,1.00541,1.00541,120.998,120.998,80.2853,950822,ns3::IdealWifiManager
407457,2,1,15,2,27.0914,6.67199e-05,1.02397,92.6022,1456378056,1997539120,953127,1307290,1.01052,1.01052,121,121,63.5925,975976,ns3::IdealWifiManager
407457,1,1,15,3,32.7396,9.13781e-05,1.08213,85.4262,1343553592,1997539120,879289,1307290,1.00753,1.00753,121,121,80.3476,951504,ns3::IdealWifiManager
407457,2,1,15,3,27.3316,6.75767e-05,1.02649,92.3006,1451580136,1997539120,949987,1307290,1.01504,1.01504,121,121,64.1969,975152,ns3::IdealWifiManager
407457,1,1,19,1,69.5999,0.000412915,1.85897,38.615,607254704,1997539120,397418,1307290,1.00946,1.00946,120.988,120.988,164.099,738789,ns3::IdealWifiManager
407457,2,1,19,1,69.2489,0.000406372,1.84453,39.0773,614265168,1997539120,402006,1307290,1.07172,1.07172,121,121,163.364,741510,ns3::IdealWifiManager
407457,1,1,17,2,39.4928,0.000124539,1.14067,76.8478,1208655640,1997539120,791005,1307290,1.00542,1.00542,121,121,98.5109,902279,ns3::IdealWifiManager
407457,2,1,17,2,34.8786,9.37469e-05,1.10204,82.7116,1300826128,1997539120,851326,1307290,1.01053,1.01053,121,121,79.8091,938195,ns3::IdealWifiManager
407457,1,1,17,3,39.5208,0.000124293,1.14055,76.8135,1208094864,1997539120,790638,1307290,1.00753,1.00753,121,121,98.271,901761,ns3::IdealWifiManager
407457,2,1,17,3,35.1175,9.4793e-05,1.10378,82.4112,1296052656,1997539120,848202,1307290,1.01505,1.01505,121,121,80.4035,936229,ns3::IdealWifiManager
407457,1,1,19,2,49.541,0.000174091,1.30506,64.0859,1007937560,1997539120,659645,1307290,1.00545,1.00545,121,121,114.838,860876,ns3::IdealWifiManager
407457,2,1,19,2,34.8791,9.37821e-05,1.10169,82.7109,1300815432,1997539120,851319,1307290,1.01053,1.01053,121,121,79.8384,937892,ns3::IdealWifiManager
407457,1,1,21,1,69.5679,0.000411818,1.85761,38.653,607893408,1997539120,397836,1307290,1.00946,1.00946,120.997,120.997,163.836,739023,ns3::IdealWifiManager
407457,2,1,21,1,69.1863,0.000404605,1.84214,39.1568,615515072,1997539120,402824,1307290,1.07172,1.07172,121,121,162.984,742060,ns3::IdealWifiManager
407457,1,1,19,3,49.5689,0.000174048,1.30622,64.0517,1007381368,1997539120,659281,1307290,1.00767,1.00767,121,121,114.746,861167,ns3::IdealWifiManager
407457,2,1,19,3,35.1129,9.47762e-05,1.10359,82.4171,1296145864,1997539120,848263,1307290,1.01505,1.01505,121,121,80.395,936132,ns3::IdealWifiManager
407457,1,1,23,1,69.7209,0.000415159,1.86374,38.4578,604835880,1997539120,395835,1307290,1.00946,1.00946,120.999,120.999,164.334,737735,ns3::IdealWifiManager
407457,2,1,23,1,69.3799,0.000408011,1.84894,38.9091,611647704,1997539120,400293,1307290,1.06634,1.06634,121,121,163.323,740116,ns3::IdealWifiManager
407457,1,1,21,2,49.5394,0.000174055,1.30477,64.0881,1007971176,1997539120,659667,1307290,1.00548,1.00548,121,121,114.818,860713,ns3::IdealWifiManager
407457,2,1,21,2,34.8902,9.3806e-05,1.10298,82.6966,1300593872,1997539120,851174,1307290,1.0102,1.0102,121,121,79.8451,938826,ns3::IdealWifiManager
407457,1,1,21,3,49.5785,0.000174146,1.30627,64.0395,1007188840,1997539120,659155,1307290,1.00767,1.00767,121,121,114.789,861033,ns3::IdealWifiManager
407457,2,1,21,3,35.1012,9.47631e-05,1.10347,82.4319,1296378120,1997539120,848415,1307290,1.01505,1.01505,121,121,80.3983,936199,ns3::IdealWifiManager
407457,1,1,23,2,49.5927,0.000175794,1.30683,64.0204,1006906160,1997539120,658970,1307290,1.0055,1.0055,121,121,115.843,861163,ns3::IdealWifiManager
407457,2,1,23,2,34.8854,9.38566e-05,1.10192,82.7027,1300690136,1997539120,851237,1307290,1.0102,1.0102,121,121,79.8941,937992,ns3::IdealWifiManager
407457,1,1,23,3,49.6231,0.000176058,1.30691,63.9828,1006298016,1997539120,658572,1307290,1.00767,1.00767,121,121,115.947,860691,ns3::IdealWifiManager
407457,2,1,23,3,35.1151,9.48559e-05,1.10389,82.4143,1296101552,1997539120,848234,1307290,1.01505,1.01505,121,121,80.4599,936359,ns3::IdealWifiManager
407458,1,1,3,1,54.4605,0.000228764,1.41356,57.8401,909668824,1997539120,595333,1307290,1.01021,1.01021,121,121,136.191,841536,ns3::IdealWifiManager
407458,2,1,3,1,54.5917,0.000229969,1.4177,57.6743,907048304,1997539120,593618,1307290,1.01089,1.01089,120.999,120.999,136.514,841573,ns3::IdealWifiManager
407458,1,1,1,1,48.3753,0.000181818,1.26874,65.5684,1031222752,1997539120,674884,1307290,1.00902,1.00902,121,121,122.706,856254,ns3::IdealWifiManager
407458,2,1,1,1,48.2321,0.000180805,1.26694,65.7498,1034083168,1997539120,676756,1307290,1.00831,1.00831,121,121,122.361,857408,ns3::IdealWifiManager
407458,1,1,1,2,0.389126,1.17146e-05,0.0492975,126.512,1989766184,1997539120,1302203,1307290,1.00533,1.00533,121,121,15.2548,64195.4,ns3::IdealWifiManager
407458,2,1,1,2,4.45326,1.94389e-05,0.145724,121.361,1908583544,1997539120,1249073,1307290,1.01612,1.01612,121,121,24.2806,182020,ns3::IdealWifiManager
407458,1,1,1,3,0.310031,1.15635e-05,0.0484599,126.619,1991346136,1997539120,1303237,1307290,1.01218,1.01218,121,121,15.07,63154.7,ns3::IdealWifiManager
407458,2,1,1,3,4.71724,2.00183e-05,0.156106,121.024,1903310416,1997539120,1245622,1307290,1.01412,1.01412,121,121,24.9353,194449,ns3::IdealWifiManager
407458,1,1,3,2,0.950133,1.41017e-05,0.0530244,125.799,1978559832,1997539120,1294869,1307290,1.00533,1.00533,121,121,18.2599,68659.6,ns3::IdealWifiManager
407458,2,1,3,2,4.45326,1.94389e-05,0.145724,121.361,1908583544,1997539120,1249073,1307290,1.01612,1.01612,121,121,24.2806,182020,ns3::IdealWifiManager
407458,1,1,5,1,54.7803,0.000231553,1.4199,57.4341,903281784,1997539120,591153,1307290,1.01021,1.01021,121,121,136.883,839377,ns3::IdealWifiManager
407458,2,1,5,1,54.6474,0.000230471,1.41919,57.6031,905935920,1997539120,592890,1307290,1.01089,1.01089,121,121,136.644,841426,ns3::IdealWifiManager
407458,1,1,3,3,0.766777,1.43489e-05,0.0517349,126.039,1982222448,1997539120,1297266,1307290,1.01218,1.01218,121,121,18.6144,67114,ns3::IdealWifiManager
407458,2,1,3,3,4.71724,2.00183e-05,0.156106,121.024,1903310416,1997539120,1245622,1307290,1.01412,1.01412,121,121,24.9353,194449,ns3::IdealWifiManager
407458,1,1,7,1,54.7335,0.000231015,1.41986,57.4935,904216920,1997539120,591765,1307290,1.01021,1.01021,121,121,136.706,840226,ns3::IdealWifiManager
407458,2,1,7,1,54.6784,0.000230932,1.4197,57.5652,905317080,1997539120,592485,1307290,1.01089,1.01089,120.997,120.997,136.824,841154,ns3::IdealWifiManager
407458,1,1,5,2,1.11528,1.67608e-05,0.0544635,125.589,1975260880,1997539120,1292710,1307290,1.00533,1.00533,121,121,21.6669,70405.5,ns3::IdealWifiManager
407458,2,1,5,2,4.45326,1.94389e-05,0.145724,121.361,1908583544,1997539120,1249073,1307290,1.01612,1.01612,121,121,24.2806,182020,ns3::IdealWifiManager
407458,1,1,7,2,16.6262,3.81167e-05,0.835489,105.89,1665425264,1997539120,1089938,1307290,1.00534,1.00534,121,121,41.5448,910631,ns3::IdealWifiManager
407458,2,1,7,2,4.44806,1.94438e-05,0.145252,121.367,1908687448,1997539120,1249141,1307290,1.01612,1.01612,121,121,24.288,181440,ns3::IdealWifiManager
407458,1,1,5,3,10.0156,2.32903e-05,0.617234,114.292,1797473496,1997539120,1176357,1307290,1.01219,1.01219,121,121,27.3976,726087,ns3::IdealWifiManager
407458,2,1,5,3,4.71724,2.00183e-05,0.156106,121.024,1903310416,1997539120,1245622,1307290,1.01412,1.01412,121,121,24.9353,194449,ns3::IdealWifiManager
407458,1,1,9,1,58.9705,0.000261383,1.52377,52.112,819581000,1997539120,536375,1307290,1.01022,1.01022,121,121,140.199,817311,ns3::IdealWifiManager
407458,2,1,9,1,58.8082,0.000259782,1.5183,52.3254,822821888,1997539120,538496,1307290,1.01093,1.01093,120.984,120.984,139.891,817599,ns3::IdealWifiManager
407458,1,1,11,1,61.951,0.000295587,1.60334,48.3264,760044008,1997539120,497411,1307290,1.01023,1.01023,121,121,147.028,797518,ns3::IdealWifiManager
407458,2,1,11,1,61.901,0.000294739,1.60258,48.3909,761043320,1997539120,498065,1307290,1.01097,1.01097,120.998,120.998,146.799,798191,ns3::IdealWifiManager
407458,1,1,7,3,16.4962,3.91894e-05,0.834277,106.061,1668021336,1997539120,1091637,1307290,1.01219,1.01219,121,121,42.7806,910727,ns3::IdealWifiManager
407458,2,1,7,3,4.71724,2.00183e-05,0.156106,121.024,1903310416,1997539120,1245622,1307290,1.01412,1.01412,121,121,24.9353,194449,ns3::IdealWifiManager
407458,1,1,9,2,24.4886,6.12849e-05,0.995032,95.9039,1508369784,1997539120,987153,1307290,1.00536,1.00536,121,121,60.4975,982248,ns3::IdealWifiManager
407458,2,1,9,2,13.2728,2.70712e-05,0.789459,110.159,1732409728,1997539120,1133776,1307290,1.01633,1.01633,121,121,30.6926,895069,ns3::IdealWifiManager
407458,1,1,9,3,32.4282,8.76541e-05,1.07896,85.8251,1349774080,1997539120,883360,1307290,1.01222,1.01222,121,121,77.4301,953113,ns3::IdealWifiManager
407458,2,1,9,3,13.5582,2.77589e-05,0.796718,109.794,1726708760,1997539120,1130045,1307290,1.01413,1.01413,121,121,31.3688,900327,ns3::IdealWifiManager
407458,1,1,11,2,32.5518,8.81394e-05,1.07996,85.6633,1347304832,1997539120,881744,1307290,1.00537,1.00537,121,121,77.7163,952247,ns3::IdealWifiManager
407458,2,1,11,2,19.484,4.34959e-05,0.887522,102.269,1608337656,1997539120,1052577,1307290,1.01614,1.01614,121,121,45.7828,934185,ns3::IdealWifiManager
407458,1,1,13,1,62.0357,0.000297347,1.60546,48.2235,758350984,1997539120,496303,1307290,1.01023,1.01023,120.988,120.988,147.574,796793,ns3::IdealWifiManager
407458,2,1,13,1,61.8932,0.000295462,1.60256,48.4001,761197648,1997539120,498166,1307290,1.01097,1.01097,121,121,147.189,798340,ns3::IdealWifiManager
407458,1,1,11,3,32.4535,8.77391e-05,1.07894,85.793,1349268312,1997539120,883029,1307290,1.01222,1.01222,121,121,77.4761,952736,ns3::IdealWifiManager
407458,2,1,11,3,19.7391,4.41875e-05,0.89546,101.944,1603243304,1997539120,1049243,1307290,1.01414,1.01414,121,121,46.3634,939556,ns3::IdealWifiManager
407458,1,1,15,1,65.7047,0.000348371,1.71811,43.5591,685061992,1997539120,448339,1307290,1.01024,1.01024,120.999,120.999,156.188,770294,ns3::IdealWifiManager
407458,2,1,15,1,65.5138,0.000345626,1.71285,43.8016,688875880,1997539120,450835,1307290,1.01103,1.01103,121,121,155.82,772212,ns3::IdealWifiManager
407458,1,1,13,2,32.6218,8.81487e-05,1.08074,85.5744,1345906712,1997539120,880829,1307290,1.00537,1.00537,121,121,77.6439,951950,ns3::IdealWifiManager
407458,2,1,13,2,19.523,4.53646e-05,0.889739,102.22,1607559904,1997539120,1052068,1307290,1.01614,1.01614,121,121,47.7266,936066,ns3::IdealWifiManager
407458,1,1,17,1,69.409,0.000409842,1.85142,38.855,611067064,1997539120,399913,1307290,1.01026,1.01026,120.997,120.997,163.901,740409,ns3::IdealWifiManager
407458,2,1,17,1,69.2108,0.000405815,1.84399,39.1059,615026112,1997539120,402504,1307290,1.0111,1.0111,121,121,163.342,742212,ns3::IdealWifiManager
407458,1,1,13,3,32.5164,8.83911e-05,1.07852,85.7131,1348012296,1997539120,882207,1307290,1.01222,1.01222,121,121,77.9791,951480,ns3::IdealWifiManager
407458,2,1,13,3,19.7601,4.59198e-05,0.900855,101.917,1602823104,1997539120,1048968,1307290,1.01414,1.01414,121,121,48.1684,944968,ns3::IdealWifiManager
407458,1,1,15,2,32.6892,9.15196e-05,1.08101,85.4886,1344559016,1997539120,879947,1307290,1.00537,1.00537,121,121,80.5323,951233,ns3::IdealWifiManager
407458,2,1,15,2,27.0981,6.68019e-05,1.02446,92.598,1456243592,1997539120,953039,1307290,1.01615,1.01615,121,121,63.6647,976353,ns3::IdealWifiManager
407458,1,1,15,3,39.3236,0.000120215,1.1397,77.067,1212035576,1997539120,793217,1307290,1.01223,1.01223,121,121,95.3566,904033,ns3::IdealWifiManager
407458,2,1,15,3,27.3085,6.74574e-05,1.02633,92.3292,1452041592,1997539120,950289,1307290,1.01415,1.01415,121,121,64.104,975309,ns3::IdealWifiManager
407458,1,1,19,1,69.4373,0.000409879,1.85323,38.8207,610501704,1997539120,399543,1307290,1.01026,1.01026,120.992,120.992,163.764,740444,ns3::IdealWifiManager
407458,2,1,19,1,69.5599,0.000411955,1.85652,38.6625,608052320,1997539120,397940,1307290,1.0111,1.0111,121,121,163.933,738784,ns3::IdealWifiManager
407458,1,1,17,2,39.5038,0.000124289,1.14146,76.8338,1208435608,1997539120,790861,1307290,1.00538,1.00538,121,121,98.295,902734,ns3::IdealWifiManager
407458,2,1,17,2,34.8795,9.37788e-05,1.10203,82.7143,1300807792,1997539120,851314,1307290,1.01616,1.01616,121,121,79.8351,938177,ns3::IdealWifiManager
407458,1,1,17,3,49.4028,0.000173362,1.30198,64.2651,1010698656,1997539120,661452,1307290,1.01226,1.01226,121,121,114.67,861195,ns3::IdealWifiManager
407458,2,1,17,3,35.0892,9.46687e-05,1.10346,82.4465,1296618016,1997539120,848572,1307290,1.01416,1.01416,121,121,80.3331,936368,ns3::IdealWifiManager
407458,1,1,21,1,69.2902,0.000406683,1.84695,39.0048,613440048,1997539120,401466,1307290,1.01026,1.01026,121,121,163.269,741488,ns3::IdealWifiManager
407458,2,1,21,1,69.3094,0.000407096,1.84717,38.9815,613056520,1997539120,401215,1307290,1.0111,1.0111,120.998,120.998,163.333,741114,ns3::IdealWifiManager
407458,1,1,19,2,49.5484,0.000173796,1.30555,64.0765,1007790872,1997539120,659549,1307290,1.00541,1.00541,121,121,114.627,861074,ns3::IdealWifiManager
407458,2,1,19,2,34.891,9.38349e-05,1.10179,82.6998,1300578592,1997539120,851164,1307290,1.01618,1.01618,121,121,79.8688,937801,ns3::IdealWifiManager
407458,1,1,19,3,49.4339,0.00017341,1.30244,64.2256,1010078288,1997539120,661046,1307290,1.01226,1.01226,121,121,114.632,860972,ns3::IdealWifiManager
407458,2,1,19,3,35.0892,9.46731e-05,1.10346,82.4465,1296618016,1997539120,848572,1307290,1.01416,1.01416,121,121,80.3369,936369,ns3::IdealWifiManager
407458,1,1,23,1,69.5138,0.000410536,1.85633,38.7242,608973704,1997539120,398543,1307290,1.01026,1.01026,120.989,120.989,163.616,739828,ns3::IdealWifiManager
407458,2,1,23,1,69.4631,0.000409527,1.85326,38.7855,609986768,1997539120,399206,1307290,1.0111,1.0111,121,121,163.485,739834,ns3::IdealWifiManager
407458,1,1,21,2,49.5423,0.000174096,1.30503,64.0843,1007913112,1997539120,659629,1307290,1.00541,1.00541,121,121,114.839,860838,ns3::IdealWifiManager
407458,2,1,21,2,34.8877,9.38393e-05,1.10178,82.7038,1300642768,1997539120,851206,1307290,1.01618,1.01618,121,121,79.8765,937839,ns3::IdealWifiManager
407458,1,1,21,3,49.5482,0.000178483,1.30529,64.0804,1007793928,1997539120,659551,1307290,1.01226,1.01226,121,121,117.718,860905,ns3::IdealWifiManager
407458,2,1,21,3,35.0791,9.46321e-05,1.10248,82.4595,1296821240,1997539120,848705,1307290,1.01416,1.01416,121,121,80.3146,935679,ns3::IdealWifiManager
407458,1,1,25,1,69.5825,0.000415119,1.85892,38.6336,607601560,1997539120,397645,1307290,1.01026,1.01026,121,121,165.07,739189,ns3::IdealWifiManager
407458,2,1,25,1,69.3183,0.000409976,1.84831,38.9719,612879272,1997539120,401099,1307290,1.0111,1.0111,120.992,120.992,164.441,741356,ns3::IdealWifiManager
407458,1,1,23,2,49.5831,0.000175977,1.30603,64.0325,1007097160,1997539120,659095,1307290,1.00541,1.00541,121,121,115.985,860795,ns3::IdealWifiManager
407458,2,1,23,2,34.8933,9.39344e-05,1.10087,82.6968,1300532752,1997539120,851134,1307290,1.0162,1.0162,121,121,79.9507,936990,ns3::IdealWifiManager
407458,1,1,23,3,54.5115,0.000207204,1.41941,57.7764,908649648,1997539120,594666,1307290,1.01228,1.01228,121,121,123.217,844074,ns3::IdealWifiManager
407458,2,1,23,3,35.0843,9.4719e-05,1.10295,82.4528,1296717336,1997539120,848637,1307290,1.01416,1.01416,121,121,80.382,936004,ns3::IdealWifiManager
407458,1,1,27,1,69.7785,0.000457378,1.86788,38.388,603685296,1997539120,395082,1307290,1.01026,1.01026,120.989,120.989,180.701,737966,ns3::IdealWifiManager
407458,2,1,27,1,69.7558,0.000457457,1.86773,38.4138,604140640,1997539120,395380,1307290,1.0111,1.0111,121,121,180.869,738464,ns3::IdealWifiManager
407458,1,1,25,2,54.5726,0.000202656,1.42075,57.6955,907430304,1997539120,593868,1307290,1.00543,1.00543,121,121,120.351,843737,ns3::IdealWifiManager
407458,2,1,25,2,34.9346,9.7067e-05,1.1024,82.6444,1299707632,1997539120,850594,1307290,1.0162,1.0162,121,121,82.5645,937694,ns3::IdealWifiManager
407458,1,1,25,3,59.5044,0.000256165,1.54005,51.4348,808915560,1997539120,529395,1307290,1.01231,1.01231,121,121,135.612,815297,ns3::IdealWifiManager
407458,2,1,25,3,35.1406,9.80347e-05,1.10285,82.3813,1295591200,1997539120,847900,1307290,1.01416,1.01416,121,121,83.1235,935108,ns3::IdealWifiManager
407458,1,1,29,1,72.7328,0.000494075,1.99143,34.6335,544673936,1997539120,356462,1307290,1.01027,1.01027,120.996,120.996,176.118,709868,ns3::IdealWifiManager
407458,2,1,29,1,72.5136,0.000489906,1.98276,34.911,549051656,1997539120,359327,1307290,1.01117,1.01117,121,121,176.036,712461,ns3::IdealWifiManager
407458,1,1,27,2,54.9139,0.000230304,1.42868,57.262,900612368,1997539120,589406,1307290,1.00543,1.00543,121,121,135.742,842070,ns3::IdealWifiManager
407458,2,1,27,2,35.7763,0.000140178,1.11045,81.5753,1282893520,1997539120,839590,1307290,1.0162,1.0162,121,121,117.692,932320,ns3::IdealWifiManager
407458,1,1,27,3,59.8782,0.00027767,1.55023,50.96,801448224,1997539120,524508,1307290,1.01243,1.01243,121,121,145.64,813109,ns3::IdealWifiManager
407458,2,1,27,3,35.9987,0.000141458,1.11255,81.2913,1278450096,1997539120,836682,1307290,1.01417,1.01417,121,121,118.355,930848,ns3::IdealWifiManager
407458,1,1,31,1,77.0492,0.000601192,2.21262,29.1502,458451952,1997539120,300034,1307290,1.0103,1.0103,121,121,180.377,663862,ns3::IdealWifiManager
407458,2,1,31,1,76.9407,0.000595869,2.20625,29.2909,460618656,1997539120,301452,1307290,1.01131,1.01131,120.989,120.989,179.625,665078,ns3::IdealWifiManager
407458,1,1,29,2,59.6725,0.00026191,1.54456,51.2184,805558544,1997539120,527198,1307290,1.00546,1.00546,121,121,138.078,814290,ns3::IdealWifiManager
407458,2,1,29,2,41.6722,0.000139728,1.15589,74.0864,1165121392,1997539120,762514,1307290,1.01623,1.01623,121,121,106.544,881381,ns3::IdealWifiManager
407458,1,1,31,2,69.7588,0.000385545,1.87082,38.4082,604079520,1997539120,395340,1307290,1.00553,1.00553,121,121,152.421,739608,ns3::IdealWifiManager
407458,2,1,31,2,51.1683,0.000182269,1.34394,62.0247,975432416,1997539120,638372,1307290,1.01625,1.01625,121,121,116.355,857933,ns3::IdealWifiManager
407458,1,1,29,3,69.7196,0.000387805,1.86914,38.4602,604863384,1997539120,395853,1307290,1.0125,1.0125,121,121,153.513,739903,ns3::IdealWifiManager
407458,2,1,29,3,41.8619,0.000141412,1.15711,73.8442,1161330424,1997539120,760033,1307290,1.01419,1.01419,121,121,107.477,879441,ns3::IdealWifiManager
407458,1,1,33,1,77.0418,0.000601099,2.21102,29.1597,458598640,1997539120,300130,1307290,1.0103,1.0103,120.999,120.999,180.407,663594,ns3::IdealWifiManager
407458,2,1,33,1,76.916,0.000595827,2.20565,29.3195,461112200,1997539120,301775,1307290,1.01131,1.01131,121,121,179.805,665609,ns3::IdealWifiManager
407458,1,1,31,3,69.7007,0.000386995,1.86838,38.4842,605240800,1997539120,396100,1307290,1.0125,1.0125,121,121,153.288,740064,ns3::IdealWifiManager
407458,2,1,31,3,51.3284,0.000183477,1.34756,61.8203,972234312,1997539120,636279,1307290,1.01421,1.01421,121,121,116.742,857421,ns3::IdealWifiManager
407458,1,1,35,1,76.92,0.000597251,2.20352,29.3188,461032744,1997539120,301723,1307290,1.0103,1.0103,120.981,120.981,180.204,664853,ns3::IdealWifiManager
407458,2,1,35,1,76.7547,0.000590532,2.19656,29.5243,464333224,1997539120,303883,1307290,1.01131,1.01131,121,121,179.452,667497,ns3::IdealWifiManager
407458,1,1,33,2,69.7339,0.000384579,1.86983,38.4399,604577648,1997539120,395666,1307290,1.00553,1.00553,121,121,152.164,739829,ns3::IdealWifiManager
407458,2,1,33,2,51.1326,0.000182013,1.3432,62.0701,976145992,1997539120,638839,1307290,1.01625,1.01625,121,121,116.277,858089,ns3::IdealWifiManager
407458,1,1,33,3,69.68,0.000386822,1.86755,38.5104,605653360,1997539120,396370,1307290,1.0125,1.0125,121,121,153.324,740239,ns3::IdealWifiManager
407458,2,1,33,3,51.2952,0.000183216,1.34695,61.8625,972897464,1997539120,636713,1307290,1.01421,1.01421,121,121,116.656,857623,ns3::IdealWifiManager
407458,1,1,35,2,69.7245,0.000384356,1.86942,38.4518,604765592,1997539120,395789,1307290,1.00553,1.00553,121,121,152.124,739896,ns3::IdealWifiManager
407458,2,1,35,2,51.1116,0.000181832,1.34242,62.0968,976564664,1997539120,639113,1307290,1.01633,1.01633,121,121,116.211,857957,ns3::IdealWifiManager
407458,1,1,37,1,76.9101,0.000596416,2.20434,29.3287,461229856,1997539120,301852,1307290,1.00841,1.00841,120.99,120.99,180.029,665385,ns3::IdealWifiManager
407458,2,1,37,1,76.9321,0.000596445,2.20492,29.3021,460791320,1997539120,301565,1307290,1.01921,1.01921,120.996,120.996,179.866,664927,ns3::IdealWifiManager
407458,1,1,35,3,69.6842,0.000385444,1.86776,38.505,605569320,1997539120,396315,1307290,1.01238,1.01238,121,121,152.757,740220,ns3::IdealWifiManager
407458,2,1,35,3,51.2715,0.00018304,1.34637,61.8927,973371144,1997539120,637023,1307290,1.01421,1.01421,121,121,116.601,857667,ns3::IdealWifiManager
407458,1,1,39,1,77.0521,0.000606027,2.21184,29.1461,458392360,1997539120,299995,1307290,1.00926,1.00926,121,121,181.805,663540,ns3::IdealWifiManager
407458,2,1,39,1,76.8923,0.000599101,2.20416,29.3504,461585880,1997539120,302085,1307290,1.01398,1.01398,120.999,120.999,180.979,665843,ns3::IdealWifiManager
407458,1,1,37,2,69.7222,0.000384154,1.86928,38.4546,604809904,1997539120,395818,1307290,1.00553,1.00553,121,121,152.055,739893,ns3::IdealWifiManager
407458,2,1,37,2,51.0986,0.000182187,1.34188,62.1136,976824424,1997539120,639283,1307290,1.01693,1.01693,121,121,116.469,857841,ns3::IdealWifiManager
407458,1,1,37,3,69.8175,0.000394184,1.87313,38.3358,602907544,1997539120,394573,1307290,1.01238,1.01238,121,121,155.534,739087,ns3::IdealWifiManager
407458,2,1,37,3,51.2532,0.00018341,1.34584,61.916,973736336,1997539120,637262,1307290,1.01421,1.01421,121,121,116.88,857651,ns3::IdealWifiManager
407458,1,1,41,1,79.2766,0.000681507,2.34823,26.3219,413958120,1997539120,270915,1307290,1.00927,1.00927,120.995,120.995,184.63,636170,ns3::IdealWifiManager
407458,2,1,41,1,79.1908,0.000679191,2.34398,26.4309,415672536,1997539120,272037,1307290,1.01428,1.01428,121,121,184.764,637649,ns3::IdealWifiManager
407458,1,1,39,2,69.7259,0.000384484,1.86946,38.4499,604736560,1997539120,395770,1307290,1.00553,1.00553,121,121,152.167,739877,ns3::IdealWifiManager
407458,2,1,39,2,51.1012,0.000186371,1.34269,62.1104,976772472,1997539120,639249,1307290,1.01693,1.01693,121,121,119.138,858313,ns3::IdealWifiManager
407458,1,1,39,3,79.8139,0.000631213,2.39051,25.6391,403225448,1997539120,263891,1307290,1.01252,1.01252,121,121,166.571,630833,ns3::IdealWifiManager
407458,2,1,39,3,51.2685,0.000188171,1.34641,61.8964,973430736,1997539120,637062,1307290,1.01421,1.01421,121,121,119.876,857750,ns3::IdealWifiManager
407459,1,1,1,1,48.6994,0.000183797,1.27701,65.1598,1024748616,1997539120,670647,1307290,1.01471,1.01471,121,121,123.263,856426,ns3::IdealWifiManager
407459,2,1,1,1,48.2087,0.00018062,1.26624,65.7849,1034552264,1997539120,677063,1307290,1.01398,1.01398,120.996,120.996,122.291,857326,ns3::IdealWifiManager
407458,1,1,41,2,69.8339,0.000392727,1.87381,38.3128,602580552,1997539120,394359,1307290,1.00553,1.00553,121,121,154.875,738955,ns3::IdealWifiManager
407458,2,1,41,2,55.8412,0.000218759,1.44927,56.0897,882089952,1997539120,577284,1307290,1.01695,1.01695,121,121,126.286,836639,ns3::IdealWifiManager
407458,1,1,41,3,79.8069,0.000630016,2.39008,25.648,403366024,1997539120,263983,1307290,1.01262,1.01262,121,121,166.313,630939,ns3::IdealWifiManager
407458,2,1,41,3,55.9774,0.000220034,1.45237,55.9154,879368584,1997539120,575503,1307290,1.01422,1.01422,121,121,126.63,835845,ns3::IdealWifiManager
407459,1,1,3,1,54.8735,0.000232848,1.42299,57.3181,901419152,1997539120,589934,1307290,1.01471,1.01471,120.999,120.999,137.364,839470,ns3::IdealWifiManager
407459,2,1,3,1,54.3091,0.000227686,1.41041,58.0343,912694264,1997539120,597313,1307290,1.01398,1.01398,121,121,136,842454,ns3::IdealWifiManager
407459,1,1,1,2,0.382777,1.17041e-05,0.0492165,126.519,1989893008,1997539120,1302286,1307290,1.00428,1.00428,121,121,15.242,64094,ns3::IdealWifiManager
407459,2,1,1,2,4.45387,1.9456e-05,0.144582,121.356,1908571320,1997539120,1249065,1307290,1.01208,1.01208,121,121,24.3018,180592,ns3::IdealWifiManager
407459,1,1,3,2,0.95021,1.4249e-05,0.0529059,125.798,1978558304,1997539120,1294868,1307290,1.00428,1.00428,121,121,18.4505,68506.2,ns3::IdealWifiManager
407459,2,1,3,2,4.45387,1.9456e-05,0.144582,121.356,1908571320,1997539120,1249065,1307290,1.01208,1.01208,121,121,24.3018,180592,ns3::IdealWifiManager
407459,1,1,5,1,55.0024,0.000233266,1.42662,57.1561,898844472,1997539120,588249,1307290,1.01675,1.01675,120.998,120.998,137.218,839206,ns3::IdealWifiManager
407459,2,1,5,1,54.3502,0.000228301,1.41102,57.9824,911872200,1997539120,596775,1307290,1.01477,1.01477,121,121,136.244,842062,ns3::IdealWifiManager
407459,1,1,1,3,0.318369,1.15818e-05,0.0487537,126.605,1991179584,1997539120,1303128,1307290,1.00835,1.00835,121,121,15.0926,63532.3,ns3::IdealWifiManager
407459,2,1,1,3,4.71999,2.00682e-05,0.165411,121.014,1903255408,1997539120,1245586,1307290,1.00824,1.00824,121,121,24.9966,206034,ns3::IdealWifiManager
407459,1,1,7,1,55.0383,0.000233892,1.42712,57.1105,898127840,1997539120,587780,1307290,1.01675,1.01675,120.998,120.998,137.477,838832,ns3::IdealWifiManager
407459,2,1,7,1,54.4442,0.000228835,1.41317,57.8631,909995816,1997539120,595547,1307290,1.01477,1.01477,121,121,136.282,841606,ns3::IdealWifiManager
407459,1,1,3,3,0.769378,1.43628e-05,0.0515587,126.032,1982170496,1997539120,1297232,1307290,1.00835,1.00835,121,121,18.6318,66883.6,ns3::IdealWifiManager
407459,2,1,3,3,4.67716,1.99444e-05,0.156736,121.069,1904111088,1997539120,1246146,1307290,1.00859,1.00859,121,121,24.8536,195316,ns3::IdealWifiManager
407459,1,1,5,2,1.14925,1.67266e-05,0.054393,125.545,1974582448,1997539120,1292266,1307290,1.00428,1.00428,121,121,21.6152,70290.2,ns3::IdealWifiManager
407459,2,1,5,2,4.45387,1.9456e-05,0.144582,121.356,1908571320,1997539120,1249065,1307290,1.01208,1.01208,121,121,24.3018,180592,ns3::IdealWifiManager
407459,1,1,5,3,10.0089,2.32938e-05,0.616197,114.297,1797606432,1997539120,1176444,1307290,1.00836,1.00836,121,121,27.4039,724921,ns3::IdealWifiManager
407459,2,1,5,3,4.67716,1.99444e-05,0.156736,121.069,1904111088,1997539120,1246146,1307290,1.00859,1.00859,121,121,24.8536,195316,ns3::IdealWifiManager
407459,1,1,9,1,59.3091,0.000264945,1.53185,51.6849,812816544,1997539120,531948,1307290,1.01705,1.01705,121,121,140.937,814864,ns3::IdealWifiManager
407459,2,1,9,1,58.6216,0.000257972,1.51304,52.559,826550208,1997539120,540936,1307290,1.01481,1.01481,120.996,120.996,139.546,818459,ns3::IdealWifiManager
407459,1,1,7,2,16.5739,3.79871e-05,0.834851,105.955,1666468888,1997539120,1090621,1307290,1.0043,1.0043,121,121,41.4295,910506,ns3::IdealWifiManager
407459,2,1,7,2,4.45387,1.9456e-05,0.144605,121.356,1908571320,1997539120,1249065,1307290,1.01208,1.01208,121,121,24.3018,180621,ns3::IdealWifiManager
407459,1,1,7,3,16.4926,3.9126e-05,0.83425,106.062,1668093152,1997539120,1091684,1307290,1.00837,1.00837,121,121,42.7132,910737,ns3::IdealWifiManager
407459,2,1,7,3,4.67716,1.99444e-05,0.156736,121.069,1904111088,1997539120,1246146,1307290,1.00859,1.00859,121,121,24.8536,195316,ns3::IdealWifiManager
407459,1,1,11,1,62.2174,0.000298632,1.61187,47.9911,754721984,1997539120,493928,1307290,1.01755,1.01755,121,121,147.502,796147,ns3::IdealWifiManager
407459,2,1,11,1,61.584,0.000291145,1.59217,48.7944,767375352,1997539120,502209,1307290,1.01485,1.01485,121,121,146.215,799601,ns3::IdealWifiManager
407459,1,1,9,2,24.5006,6.1389e-05,0.994895,95.8878,1508129888,1997539120,986996,1307290,1.00431,1.00431,121,121,60.5907,981957,ns3::IdealWifiManager
407459,2,1,9,2,13.2759,2.70807e-05,0.790698,110.151,1732347080,1997539120,1133735,1307290,1.01209,1.01209,121,121,30.7023,896442,ns3::IdealWifiManager
407459,1,1,9,3,32.4369,8.78084e-05,1.07856,85.8113,1349599888,1997539120,883246,1307290,1.0084,1.0084,121,121,77.5563,952630,ns3::IdealWifiManager
407459,2,1,9,3,13.5372,2.77004e-05,0.798125,109.816,1727128960,1997539120,1130320,1307290,1.0086,1.0086,121,121,31.3103,902137,ns3::IdealWifiManager
407459,1,1,13,1,62.2407,0.000299291,1.6125,47.9643,754255944,1997539120,493623,1307290,1.01755,1.01755,120.993,120.993,147.736,795965,ns3::IdealWifiManager
407459,2,1,13,1,61.6056,0.00029244,1.59298,48.767,766942928,1997539120,501926,1307290,1.01485,1.01485,121,121,146.783,799558,ns3::IdealWifiManager
407459,1,1,11,2,32.5531,8.80345e-05,1.08007,85.6608,1347278856,1997539120,881727,1307290,1.00433,1.00433,121,121,77.6223,952325,ns3::IdealWifiManager
407459,2,1,11,2,19.4617,4.34279e-05,0.889075,102.294,1608783832,1997539120,1052869,1307290,1.0121,1.0121,121,121,45.7239,936080,ns3::IdealWifiManager
407459,1,1,11,3,32.4312,8.79798e-05,1.07898,85.8185,1349712960,1997539120,883320,1307290,1.0084,1.0084,121,121,77.7142,953080,ns3::IdealWifiManager
407459,2,1,11,3,19.7343,4.41217e-05,0.899932,101.945,1603338040,1997539120,1049305,1307290,1.00861,1.00861,121,121,46.2971,944304,ns3::IdealWifiManager
407459,1,1,15,1,65.8288,0.000350255,1.72416,43.404,682583576,1997539120,446717,1307290,1.01796,1.01796,121,121,156.465,770213,ns3::IdealWifiManager
407459,2,1,15,1,65.3217,0.000342448,1.70492,44.0477,692712688,1997539120,453346,1307290,1.01491,1.01491,120.998,120.998,155.247,772920,ns3::IdealWifiManager
407459,1,1,13,2,32.6345,8.82578e-05,1.08105,85.5574,1345653064,1997539120,880663,1307290,1.00433,1.00433,121,121,77.7253,952043,ns3::IdealWifiManager
407459,2,1,13,2,19.5157,4.53533e-05,0.890603,102.226,1607705064,1997539120,1052163,1307290,1.0121,1.0121,121,121,47.719,937059,ns3::IdealWifiManager
407459,1,1,13,3,32.5266,8.84024e-05,1.07867,85.6974,1347807544,1997539120,882073,1307290,1.0084,1.0084,121,121,77.9773,951462,ns3::IdealWifiManager
407459,2,1,13,3,19.7722,4.59099e-05,0.901508,101.897,1602581680,1997539120,1048810,1307290,1.00861,1.00861,121,121,48.1507,945510,ns3::IdealWifiManager
407459,1,1,17,1,69.5277,0.000411757,1.85772,38.7047,608695608,1997539120,398361,1307290,1.01513,1.01513,121,121,164.027,740042,ns3::IdealWifiManager
407459,2,1,17,1,69.2667,0.000406663,1.84507,39.0406,613910672,1997539120,401774,1307290,1.01593,1.01593,120.988,120.988,163.386,741303,ns3::IdealWifiManager
407459,1,1,15,2,32.7363,9.14269e-05,1.08218,85.4281,1343619296,1997539120,879332,1307290,1.00433,1.00433,121,121,80.3945,951598,ns3::IdealWifiManager
407459,2,1,15,2,27.0965,6.67569e-05,1.02404,92.5969,1456275680,1997539120,953060,1307290,1.01211,1.01211,121,121,63.6232,975972,ns3::IdealWifiManager
407459,1,1,15,3,39.3409,0.000120235,1.13965,77.0425,1211688720,1997539120,792990,1307290,1.00841,1.00841,121,121,95.3447,903732,ns3::IdealWifiManager
407459,2,1,15,3,27.304,6.7475e-05,1.02639,92.3306,1452130216,1997539120,950347,1307290,1.00862,1.00862,121,121,64.1246,975428,ns3::IdealWifiManager
407459,1,1,19,1,69.6998,0.000414888,1.86366,38.4863,605259136,1997539120,396112,1307290,1.01513,1.01513,121,121,164.342,738219,ns3::IdealWifiManager
407459,2,1,19,1,69.1899,0.000405333,1.84227,39.1357,615443256,1997539120,402777,1307290,1.01593,1.01593,120.995,120.995,163.258,742023,ns3::IdealWifiManager
407459,1,1,17,2,39.4987,0.000123764,1.1414,76.8396,1208537984,1997539120,790928,1307290,1.00434,1.00434,121,121,97.8886,902768,ns3::IdealWifiManager
407459,2,1,17,2,34.8905,9.38612e-05,1.10194,82.6975,1300587760,1997539120,851170,1307290,1.01212,1.01212,121,121,79.8917,937936,ns3::IdealWifiManager
407459,1,1,17,3,49.4089,0.000173254,1.30185,64.2554,1010577944,1997539120,661373,1307290,1.00844,1.00844,121,121,114.585,861007,ns3::IdealWifiManager
407459,2,1,17,3,35.0924,9.4696e-05,1.10376,82.4387,1296555368,1997539120,848531,1307290,1.00864,1.00864,121,121,80.3524,936572,ns3::IdealWifiManager
407459,1,1,19,2,49.5233,0.000173849,1.30445,64.1079,1008292056,1997539120,659877,1307290,1.00437,1.00437,121,121,114.718,860774,ns3::IdealWifiManager
407459,2,1,19,2,34.8832,9.38085e-05,1.10137,82.7068,1300732920,1997539120,851265,1307290,1.01214,1.01214,121,121,79.8558,937556,ns3::IdealWifiManager
407459,1,1,21,1,69.7658,0.000415817,1.86602,38.4048,603940472,1997539120,395249,1307290,1.01513,1.01513,120.992,120.992,164.351,737544,ns3::IdealWifiManager
407459,2,1,21,1,69.3998,0.000408544,1.85015,38.8675,611251952,1997539120,400034,1307290,1.01593,1.01593,121,121,163.431,740121,ns3::IdealWifiManager
407459,1,1,19,3,49.442,0.000173557,1.30295,64.2133,1009916320,1997539120,660940,1307290,1.00844,1.00844,121,121,114.71,861170,ns3::IdealWifiManager
407459,2,1,19,3,35.0924,9.4695e-05,1.10376,82.4387,1296555368,1997539120,848531,1307290,1.00864,1.00864,121,121,80.3515,936572,ns3::IdealWifiManager
407459,1,1,23,1,69.6281,0.000412474,1.86087,38.5843,606690872,1997539120,397049,1307290,1.01513,1.01513,120.978,120.978,163.772,738855,ns3::IdealWifiManager
407459,2,1,23,1,69.2206,0.000405153,1.84274,39.0951,614830528,1997539120,402376,1307290,1.01593,1.01593,121,121,163.024,741472,ns3::IdealWifiManager
407459,1,1,21,2,49.5384,0.000173933,1.30517,64.0886,1007989512,1997539120,659679,1307290,1.00437,1.00437,121,121,114.74,860994,ns3::IdealWifiManager
407459,2,1,21,2,34.8857,9.3814e-05,1.10167,82.7036,1300684024,1997539120,851233,1307290,1.01214,1.01214,121,121,79.8575,937778,ns3::IdealWifiManager
407459,1,1,21,3,49.5498,0.000178001,1.30592,64.0764,1007761840,1997539120,659530,1307290,1.00844,1.00844,121,121,117.397,861291,ns3::IdealWifiManager
407459,2,1,21,3,35.0784,9.46257e-05,1.10379,82.4566,1296834992,1997539120,848714,1307290,1.00864,1.00864,121,121,80.3101,936798,ns3::IdealWifiManager
407459,1,1,23,2,49.6259,0.000176051,1.30742,63.9776,1006243008,1997539120,658536,1307290,1.00437,1.00437,121,121,115.936,860982,ns3::IdealWifiManager
407459,2,1,23,2,34.8942,9.39207e-05,1.10141,82.6928,1300512888,1997539120,851121,1307290,1.01215,1.01215,121,121,79.9378,937431,ns3::IdealWifiManager
407459,1,1,25,1,69.5768,0.000414924,1.85914,38.6438,607716160,1997539120,397720,1307290,1.01513,1.01513,120.996,120.996,165.023,739417,ns3::IdealWifiManager
407459,2,1,25,1,69.2878,0.000408685,1.84558,39.0097,613487416,1997539120,401497,1307290,1.01593,1.01593,121,121,164.085,740996,ns3::IdealWifiManager
407459,1,1,23,3,54.5291,0.000206995,1.41986,57.7522,908299736,1997539120,594437,1307290,1.00846,1.00846,121,121,123.045,844018,ns3::IdealWifiManager
407459,2,1,23,3,35.0836,9.47245e-05,1.10344,82.4498,1296729560,1997539120,848645,1307290,1.00864,1.00864,121,121,80.3874,936433,ns3::IdealWifiManager
407459,1,1,27,1,69.9579,0.000460382,1.87607,38.1583,600102136,1997539120,392737,1307290,1.01513,1.01513,121,121,180.809,736804,ns3::IdealWifiManager
407459,2,1,27,1,69.6812,0.000454192,1.86343,38.5116,605628912,1997539120,396354,1307290,1.01593,1.01593,120.995,120.995,180.02,738578,ns3::IdealWifiManager
407459,1,1,25,2,54.5674,0.000202565,1.42073,57.7016,907534208,1997539120,593936,1307290,1.00439,1.00439,121,121,120.31,843823,ns3::IdealWifiManager
407459,2,1,25,2,34.938,9.70357e-05,1.10236,82.6372,1299638872,1997539120,850549,1307290,1.01215,1.01215,121,121,82.5335,937613,ns3::IdealWifiManager
407459,1,1,25,3,59.5141,0.000256144,1.54043,51.421,808721504,1997539120,529268,1307290,1.00848,1.00848,121,121,135.568,815300,ns3::IdealWifiManager
407459,2,1,25,3,35.1334,9.80646e-05,1.10398,82.3867,1295736360,1997539120,847995,1307290,1.00864,1.00864,121,121,83.1582,936167,ns3::IdealWifiManager
407459,1,1,29,1,72.5643,0.00049084,1.98645,34.8481,548038592,1997539120,358664,1307290,1.01519,1.01519,120.999,120.999,176.046,712467,ns3::IdealWifiManager
407459,2,1,29,1,72.2343,0.00048244,1.96836,35.2685,554630384,1997539120,362978,1307290,1.01617,1.01617,120.996,120.996,175.115,714472,ns3::IdealWifiManager
407459,1,1,27,2,54.8968,0.000229714,1.42828,57.2833,900954640,1997539120,589630,1307290,1.00439,1.00439,121,121,135.446,842158,ns3::IdealWifiManager
407459,2,1,27,2,35.7858,0.000140108,1.10963,81.5605,1282704048,1997539120,839466,1307290,1.01215,1.01215,121,121,117.616,931497,ns3::IdealWifiManager
407459,1,1,27,3,59.8791,0.000277569,1.55025,50.9572,801429888,1997539120,524496,1307290,1.00848,1.00848,121,121,145.583,813100,ns3::IdealWifiManager
407459,2,1,27,3,35.9719,0.000141576,1.11198,81.3216,1278986424,1997539120,837033,1307290,1.00864,1.00864,121,121,118.504,930767,ns3::IdealWifiManager
407459,1,1,31,1,77.0613,0.000601194,2.21488,29.1359,458209000,1997539120,299875,1307290,1.01533,1.01533,121,121,180.283,664186,ns3::IdealWifiManager
407459,2,1,31,1,76.8308,0.000593209,2.19848,29.4306,462814392,1997539120,302889,1307290,1.01642,1.01642,120.993,120.993,179.676,665895,ns3::IdealWifiManager
407459,1,1,29,2,59.6599,0.000261853,1.54427,51.234,805809136,1997539120,527362,1307290,1.00441,1.00441,121,121,138.091,814390,ns3::IdealWifiManager
407459,2,1,29,2,41.6774,0.000139809,1.15585,74.0773,1165017488,1997539120,762446,1307290,1.01218,1.01218,121,121,106.596,881274,ns3::IdealWifiManager
407459,1,1,29,3,69.7184,0.000388014,1.8691,38.4604,604886304,1997539120,395868,1307290,1.00855,1.00855,121,121,153.602,739919,ns3::IdealWifiManager
407459,2,1,29,3,41.8606,0.000140671,1.15694,73.8425,1161357928,1997539120,760051,1307290,1.00865,1.00865,121,121,106.917,879333,ns3::IdealWifiManager
407459,1,1,31,2,69.7472,0.00038501,1.87029,38.4226,604311776,1997539120,395492,1307290,1.00448,1.00448,121,121,152.268,739683,ns3::IdealWifiManager
407459,2,1,31,2,51.1481,0.000182098,1.34355,62.0483,975835808,1997539120,638636,1307290,1.01221,1.01221,121,121,116.294,858037,ns3::IdealWifiManager
407459,1,1,33,1,77.0066,0.000598167,2.21258,29.2055,459303048,1997539120,300591,1307290,1.01533,1.01533,121,121,179.803,665081,ns3::IdealWifiManager
407459,2,1,33,1,76.6893,0.000588258,2.19019,29.6107,465639664,1997539120,304738,1307290,1.01642,1.01642,120.992,120.992,179.264,667434,ns3::IdealWifiManager
407459,1,1,31,3,69.7033,0.000387253,1.86853,38.4796,605188848,1997539120,396066,1307290,1.00855,1.00855,121,121,153.377,740061,ns3::IdealWifiManager
407459,2,1,31,3,51.3131,0.000183375,1.34734,61.8369,972539912,1997539120,636479,1307290,1.00868,1.00868,121,121,116.714,857551,ns3::IdealWifiManager
407459,1,1,35,1,77.2603,0.00060712,2.22407,28.8832,454234672,1997539120,297274,1307290,1.01533,1.01533,121,121,180.48,661158,ns3::IdealWifiManager
407459,2,1,35,1,76.5901,0.000584857,2.18531,29.7356,467621480,1997539120,306035,1307290,1.01642,1.01642,120.996,120.996,178.986,668782,ns3::IdealWifiManager
407459,1,1,33,2,69.7316,0.000384856,1.86968,38.4424,604623488,1997539120,395696,1307290,1.00448,1.00448,121,121,152.286,739824,ns3::IdealWifiManager
407459,2,1,33,2,51.1379,0.000182022,1.34321,62.0613,976040560,1997539120,638770,1307290,1.01221,1.01221,121,121,116.27,858005,ns3::IdealWifiManager
407459,1,1,33,3,69.6861,0.000386901,1.86783,38.5014,605531120,1997539120,396290,1307290,1.00855,1.00855,121,121,153.325,740204,ns3::IdealWifiManager
407459,2,1,33,3,51.2983,0.000183257,1.34709,61.8558,972836344,1997539120,636673,1307290,1.00868,1.00868,121,121,116.675,857653,ns3::IdealWifiManager
407459,1,1,35,2,69.7185,0.000384335,1.86922,38.459,604884776,1997539120,395867,1307290,1.00448,1.00448,121,121,152.145,739961,ns3::IdealWifiManager
407459,2,1,35,2,51.1162,0.000181861,1.34273,62.0889,976472984,1997539120,639053,1307290,1.01229,1.01229,121,121,116.218,858075,ns3::IdealWifiManager
407459,1,1,37,1,77.106,0.000602724,2.21645,29.0786,457316648,1997539120,299291,1307290,1.01317,1.01317,121,121,180.389,663364,ns3::IdealWifiManager
407459,2,1,37,1,76.7088,0.000590098,2.19225,29.5896,465250024,1997539120,304483,1307290,1.02964,1.02964,120.99,120.99,179.674,667504,ns3::IdealWifiManager
407459,1,1,35,3,69.6855,0.00038607,1.86788,38.5023,605544872,1997539120,396299,1307290,1.00855,1.00855,121,121,152.999,740239,ns3::IdealWifiManager
407459,2,1,35,3,51.2749,0.00018308,1.34634,61.8854,973303912,1997539120,636979,1307290,1.00841,1.00841,121,121,116.618,857593,ns3::IdealWifiManager
407459,1,1,39,1,77.0757,0.000606409,2.21454,29.1171,457921736,1997539120,299687,1307290,1.01317,1.01317,121,121,181.732,663668,ns3::IdealWifiManager
407459,2,1,39,1,76.6598,0.000591784,2.18987,29.6531,466229472,1997539120,305124,1307290,1.02964,1.02964,120.985,120.985,180.567,668183,ns3::IdealWifiManager
407459,1,1,37,2,77.195,0.000606323,2.21827,28.9634,455538056,1997539120,298127,1307290,1.00439,1.00439,121,121,180.761,661328,ns3::IdealWifiManager
407459,2,1,37,2,77.0782,0.000602125,2.2143,29.1168,457871312,1997539120,299654,1307290,1.01961,1.01961,120.995,120.995,180.429,663524,ns3::IdealWifiManager
407459,1,1,37,3,77.2601,0.000607761,2.2234,28.8865,454237728,1997539120,297276,1307290,1.02837,1.02837,121,121,180.672,660963,ns3::IdealWifiManager
407459,2,1,37,3,76.8117,0.000592761,2.19677,29.4523,463194864,1997539120,303138,1307290,1.01017,1.01017,120.997,120.997,179.688,665924,ns3::IdealWifiManager
407459,1,1,41,1,79.3057,0.00068404,2.35216,26.2848,413377480,1997539120,270535,1307290,1.01319,1.01319,121,121,185.056,636341,ns3::IdealWifiManager
407459,2,1,41,1,79.0379,0.000673543,2.33208,26.6298,418727008,1997539120,274036,1307290,1.03132,1.03132,120.996,120.996,184.574,639074,ns3::IdealWifiManager
407459,1,1,39,2,76.8946,0.000600454,2.20282,29.3457,461540040,1997539120,302055,1307290,1.00439,1.00439,120.997,120.997,181.37,665372,ns3::IdealWifiManager
407459,2,1,39,2,77.0801,0.000605722,2.2151,29.113,457833112,1997539120,299629,1307290,1.01961,1.01961,121,121,181.491,663709,ns3::IdealWifiManager
407459,1,1,39,3,77.0782,0.000606847,2.21398,29.1176,457871312,1997539120,299654,1307290,1.02837,1.02837,121,121,181.843,663428,ns3::IdealWifiManager
407459,2,1,39,3,77.251,0.000613536,2.22111,28.8946,454419560,1997539120,297395,1307290,1.01017,1.01017,120.996,120.996,182.462,660547,ns3::IdealWifiManager
407459,1,1,41,2,79.0099,0.000671074,2.33078,26.6585,419286256,1997539120,274402,1307290,1.0044,1.0044,121,121,184.143,639569,ns3::IdealWifiManager
407459,2,1,41,2,79.4342,0.000689643,2.35915,26.1254,410808912,1997539120,268854,1307290,1.02187,1.02187,120.99,120.99,185.413,634266,ns3::IdealWifiManager
407460,1,1,1,1,48.3896,0.000181852,1.27103,65.5566,1030937016,1997539120,674697,1307290,1.01676,1.01676,120.996,120.996,122.695,857561,ns3::IdealWifiManager
407460,2,1,1,1,48.3366,0.000181262,1.26438,65.6204,1031995920,1997539120,675390,1307290,1.01442,1.01442,121,121,122.422,853950,ns3::IdealWifiManager
407459,1,1,41,3,79.3138,0.000683578,2.35359,26.2801,413215512,1997539120,270429,1307290,1.03692,1.03692,120.998,120.998,184.859,636478,ns3::IdealWifiManager
407459,2,1,41,3,79.3601,0.000686359,2.35107,26.215,412291072,1997539120,269824,1307290,1.01022,1.01022,121,121,185.196,634374,ns3::IdealWifiManager
407460,1,1,3,1,54.5596,0.000229677,1.41577,57.7232,907690064,1997539120,594038,1307290,1.01676,1.01676,120.988,120.988,136.437,841018,ns3::IdealWifiManager
407460,2,1,3,1,54.5391,0.000229705,1.41674,57.7463,908099568,1997539120,594306,1307290,1.01442,1.01442,120.992,120.992,136.515,841977,ns3::IdealWifiManager
407460,1,1,1,2,0.382318,1.17024e-05,0.0490229,126.52,1989902176,1997539120,1302292,1307290,1.00528,1.00528,121,121,15.24,63842.2,ns3::IdealWifiManager
407460,2,1,1,2,4.45509,1.94572e-05,0.144254,121.358,1908546872,1997539120,1249049,1307290,1.01518,1.01518,121,121,24.303,180180,ns3::IdealWifiManager
407460,1,1,3,2,0.974535,1.41792e-05,0.0531139,125.768,1978072400,1997539120,1294550,1307290,1.00528,1.00528,121,121,18.3557,68758.6,ns3::IdealWifiManager
407460,2,1,3,2,4.45509,1.94513e-05,0.144853,121.358,1908546872,1997539120,1249049,1307290,1.01538,1.01538,121,121,24.2956,180929,ns3::IdealWifiManager
407460,1,1,1,3,0.322193,1.15875e-05,0.0485988,126.602,1991103184,1997539120,1303078,1307290,1.01036,1.01036,121,121,15.0995,63328.1,ns3::IdealWifiManager
407460,2,1,1,3,4.72282,2.00702e-05,0.160711,121.014,1903198872,1997539120,1245549,1307290,1.01214,1.01214,121,121,24.9984,200173,ns3::IdealWifiManager
407460,1,1,5,1,54.6785,0.000230577,1.41836,57.5665,905315552,1997539120,592484,1307290,1.01676,1.01676,121,121,136.613,840356,ns3::IdealWifiManager
407460,2,1,5,1,54.6954,0.000231158,1.42045,57.5472,904977864,1997539120,592263,1307290,1.01442,1.01442,120.993,120.993,136.906,841280,ns3::IdealWifiManager
407460,1,1,7,1,54.7816,0.000231761,1.42058,57.4355,903255808,1997539120,591136,1307290,1.01676,1.01676,121,121,137.002,839755,ns3::IdealWifiManager
407460,2,1,7,1,54.6831,0.000230884,1.42069,57.5623,905222344,1997539120,592423,1307290,1.01442,1.01442,120.994,120.994,136.781,841650,ns3::IdealWifiManager
407460,1,1,3,3,0.77741,1.43332e-05,0.0518201,126.024,1982010056,1997539120,1297127,1307290,1.01038,1.01038,121,121,18.592,67217.3,ns3::IdealWifiManager
407460,2,1,3,3,4.69047,1.99494e-05,0.154552,121.056,1903845216,1997539120,1245972,1307290,1.01234,1.01234,121,121,24.8563,192567,ns3::IdealWifiManager
407460,1,1,5,2,1.14198,1.66898e-05,0.0550002,125.555,1974727608,1997539120,1292361,1307290,1.00528,1.00528,121,121,21.5692,71080.1,ns3::IdealWifiManager
407460,2,1,5,2,4.45509,1.94513e-05,0.144853,121.358,1908546872,1997539120,1249049,1307290,1.01538,1.01538,121,121,24.2956,180929,ns3::IdealWifiManager
407460,1,1,5,3,9.99419,2.32894e-05,0.621677,114.318,1797901336,1997539120,1176637,1307290,1.0104,1.0104,121,121,27.4032,731488,ns3::IdealWifiManager
407460,2,1,5,3,4.72282,2.00702e-05,0.160702,121.014,1903198872,1997539120,1245549,1307290,1.01214,1.01214,121,121,24.9984,200163,ns3::IdealWifiManager
407460,1,1,9,1,58.8931,0.00026081,1.51961,52.2137,821125808,1997539120,537386,1307290,1.0168,1.0168,120.998,120.998,140.156,816618,ns3::IdealWifiManager
407460,2,1,9,1,58.9018,0.000260848,1.52153,52.2011,820953144,1997539120,537273,1307290,1.01443,1.01443,121,121,140.146,817478,ns3::IdealWifiManager
407460,1,1,7,2,16.5809,3.79669e-05,0.834854,105.947,1666329840,1997539120,1090530,1307290,1.0053,1.0053,121,121,41.404,910433,ns3::IdealWifiManager
407460,2,1,7,2,4.45509,1.94572e-05,0.144254,121.358,1908546872,1997539120,1249049,1307290,1.01518,1.01518,121,121,24.303,180180,ns3::IdealWifiManager
407460,1,1,7,3,16.5001,3.93097e-05,0.83443,106.054,1667943408,1997539120,1091586,1307290,1.01042,1.01042,121,121,42.9099,910852,ns3::IdealWifiManager
407460,2,1,7,3,4.69047,1.99494e-05,0.154552,121.056,1903845216,1997539120,1245972,1307290,1.01234,1.01234,121,121,24.8563,192567,ns3::IdealWifiManager
407460,1,1,11,1,61.8672,0.000294424,1.59959,48.4355,761717168,1997539120,498506,1307290,1.01684,1.01684,121,121,146.772,797405,ns3::IdealWifiManager
407460,2,1,11,1,61.8211,0.000293943,1.6003,48.4935,762638552,1997539120,499109,1307290,1.01444,1.01444,120.999,120.999,146.709,798725,ns3::IdealWifiManager
407460,1,1,9,2,24.5129,6.12762e-05,0.995495,95.8729,1507883880,1997539120,986835,1307290,1.00531,1.00531,121,121,60.4694,982389,ns3::IdealWifiManager
407460,2,1,9,2,13.26,2.70492e-05,0.790503,110.174,1732664904,1997539120,1133943,1307290,1.01519,1.01519,121,121,30.6722,896385,ns3::IdealWifiManager
407460,1,1,9,3,32.4272,8.77661e-05,1.07965,85.8251,1349793944,1997539120,883373,1307290,1.01045,1.01045,121,121,77.5301,953731,ns3::IdealWifiManager
407460,2,1,9,3,13.5583,2.77662e-05,0.795046,109.793,1726707232,1997539120,1130044,1307290,1.01235,1.01235,121,121,31.377,898437,ns3::IdealWifiManager
407460,1,1,13,1,62.0663,0.000297921,1.60628,48.1827,757741312,1997539120,495904,1307290,1.01684,1.01684,121,121,147.74,796562,ns3::IdealWifiManager
407460,2,1,13,1,61.8596,0.000296138,1.60208,48.4454,761868440,1997539120,498605,1307290,1.01444,1.01444,120.997,120.997,147.656,798805,ns3::IdealWifiManager
407460,1,1,11,2,32.5522,8.80924e-05,1.0802,85.6626,1347295664,1997539120,881738,1307290,1.00533,1.00533,121,121,77.6743,952455,ns3::IdealWifiManager
407460,2,1,11,2,19.4888,4.35135e-05,0.889579,102.262,1608242920,1997539120,1052515,1307290,1.0152,1.0152,121,121,45.7986,936295,ns3::IdealWifiManager
407460,1,1,11,3,32.4493,8.7802e-05,1.07909,85.7971,1349352352,1997539120,883084,1307290,1.01046,1.01046,121,121,77.5364,952927,ns3::IdealWifiManager
407460,2,1,11,3,19.7273,4.41456e-05,0.895403,101.957,1603478616,1997539120,1049397,1307290,1.01236,1.01236,121,121,46.3262,939634,ns3::IdealWifiManager
407460,1,1,15,1,65.6489,0.000346886,1.71594,43.6342,686175904,1997539120,449068,1307290,1.0169,1.0169,120.994,120.994,155.775,770575,ns3::IdealWifiManager
407460,2,1,15,1,65.4863,0.000344815,1.71247,43.8377,689424432,1997539120,451194,1307290,1.01445,1.01445,121,121,155.578,772655,ns3::IdealWifiManager
407460,1,1,13,2,32.6231,8.82535e-05,1.08148,85.5726,1345880736,1997539120,880812,1307290,1.00533,1.00533,121,121,77.7346,952582,ns3::IdealWifiManager
407460,2,1,13,2,19.5139,4.54343e-05,0.890519,102.23,1607741736,1997539120,1052187,1307290,1.0152,1.0152,121,121,47.8053,936993,ns3::IdealWifiManager
407460,1,1,13,3,32.5164,8.83925e-05,1.08136,85.7118,1348010768,1997539120,882206,1307290,1.01056,1.01056,121,121,77.9803,953979,ns3::IdealWifiManager
407460,2,1,13,3,19.7694,4.59983e-05,0.901241,101.903,1602636688,1997539120,1048846,1307290,1.01236,1.01236,121,121,48.245,945263,ns3::IdealWifiManager
407460,1,1,17,1,69.0868,0.000403649,1.83867,39.2653,617503000,1997539120,404125,1307290,1.01698,1.01698,121,121,163.124,743054,ns3::IdealWifiManager
407460,2,1,17,1,69.2019,0.000405276,1.84437,39.1188,615204888,1997539120,402621,1307290,1.01447,1.01447,120.999,120.999,163.172,742582,ns3::IdealWifiManager
407460,1,1,15,2,32.687,9.14542e-05,1.08104,85.4914,1344603328,1997539120,879976,1307290,1.00533,1.00533,121,121,80.4774,951288,ns3::IdealWifiManager
407460,2,1,15,2,27.1007,6.67874e-05,1.02402,92.594,1456191640,1997539120,953005,1307290,1.01521,1.01521,121,121,63.6487,975897,ns3::IdealWifiManager
407460,1,1,15,3,39.3209,0.00012039,1.13985,77.071,1212089056,1997539120,793252,1307290,1.01056,1.01056,120.997,120.997,95.4993,904190,ns3::IdealWifiManager
407460,2,1,15,3,27.3266,6.74419e-05,1.0263,92.3049,1451679456,1997539120,950052,1307290,1.01237,1.01237,121,121,64.0733,975036,ns3::IdealWifiManager
407460,1,1,19,1,69.15,0.000403989,1.84009,39.1863,616240872,1997539120,403299,1307290,1.01698,1.01698,120.996,120.996,162.928,742108,ns3::IdealWifiManager
407460,2,1,19,1,69.4105,0.000408774,1.8522,38.8534,611038032,1997539120,399894,1307290,1.01447,1.01447,121,121,163.466,740683,ns3::IdealWifiManager
407460,1,1,17,2,39.5176,0.0001247,1.14121,76.8161,1208159040,1997539120,790680,1307290,1.00534,1.00534,121,121,98.598,902332,ns3::IdealWifiManager
407460,2,1,17,2,34.8709,9.37423e-05,1.10161,82.7245,1300978928,1997539120,851426,1307290,1.01523,1.01523,121,121,79.8145,937937,ns3::IdealWifiManager
407460,1,1,17,3,49.4066,0.000173091,1.30166,64.2593,1010622256,1997539120,661402,1307290,1.01056,1.01056,121,121,114.483,860923,ns3::IdealWifiManager
407460,2,1,17,3,35.0857,9.47023e-05,1.10346,82.4497,1296688304,1997539120,848618,1307290,1.01238,1.01238,121,121,80.366,936413,ns3::IdealWifiManager
407460,1,1,19,2,49.5164,0.000173846,1.30461,64.1171,1008429576,1997539120,659967,1307290,1.00537,1.00537,121,121,114.732,861000,ns3::IdealWifiManager
407460,2,1,19,2,34.891,9.38474e-05,1.10142,82.699,1300577064,1997539120,851163,1307290,1.01524,1.01524,121,121,79.8793,937485,ns3::IdealWifiManager
407460,1,1,21,1,69.3044,0.000407131,1.84554,38.9901,613157368,1997539120,401281,1307290,1.01698,1.01698,120.997,120.997,163.373,740580,ns3::IdealWifiManager
407460,2,1,21,1,69.4216,0.000408862,1.85269,38.8393,610814944,1997539120,399748,1307290,1.01447,1.01447,121,121,163.441,740609,ns3::IdealWifiManager
407460,1,1,19,3,49.4693,0.000173513,1.30301,64.1799,1009370824,1997539120,660583,1307290,1.0107,1.0107,121,121,114.62,860746,ns3::IdealWifiManager
407460,2,1,19,3,35.1035,9.47535e-05,1.10493,82.4273,1296333808,1997539120,848386,1307290,1.01238,1.01238,121,121,80.3875,937404,ns3::IdealWifiManager
407460,1,1,23,1,69.4583,0.00040922,1.8515,38.8001,610081504,1997539120,399268,1307290,1.01698,1.01698,120.979,120.979,163.388,739246,ns3::IdealWifiManager
407460,2,1,23,1,69.3923,0.000408329,1.8522,38.8779,611401696,1997539120,400132,1307290,1.01447,1.01447,120.996,120.996,163.385,741125,ns3::IdealWifiManager
407460,1,1,21,2,49.5292,0.000174063,1.30479,64.1009,1008174400,1997539120,659800,1307290,1.00537,1.00537,121,121,114.847,860900,ns3::IdealWifiManager
407460,2,1,21,2,34.887,9.38269e-05,1.10201,82.7041,1300658048,1997539120,851216,1307290,1.01524,1.01524,121,121,79.8668,938052,ns3::IdealWifiManager
407460,1,1,21,3,49.5624,0.000178022,1.30562,64.0616,1007511248,1997539120,659366,1307290,1.0107,1.0107,121,121,117.381,860880,ns3::IdealWifiManager
407460,2,1,21,3,35.0897,9.47072e-05,1.10366,82.4447,1296608848,1997539120,848566,1307290,1.01238,1.01238,121,121,80.3652,936531,ns3::IdealWifiManager
407460,1,1,25,1,69.5447,0.000414092,1.85464,38.6851,608356392,1997539120,398139,1307290,1.01698,1.01698,120.996,120.996,164.866,738406,ns3::IdealWifiManager
407460,2,1,25,1,69.3979,0.00041195,1.85249,38.8694,611288624,1997539120,400058,1307290,1.01447,1.01447,121,121,164.804,741105,ns3::IdealWifiManager
407460,1,1,23,2,49.5933,0.000175879,1.30679,64.0195,1006893936,1997539120,658962,1307290,1.00537,1.00537,121,121,115.897,861123,ns3::IdealWifiManager
407460,2,1,23,2,34.8868,9.38992e-05,1.10187,82.7044,1300661104,1997539120,851218,1307290,1.01526,1.01526,121,121,79.9286,937931,ns3::IdealWifiManager
407460,1,1,23,3,54.5412,0.000207156,1.42008,57.738,908058312,1997539120,594279,1307290,1.0107,1.0107,121,121,123.108,843924,ns3::IdealWifiManager
407460,2,1,23,3,35.0882,9.47728e-05,1.10336,82.4466,1296637880,1997539120,848585,1307290,1.01238,1.01238,121,121,80.4227,936295,ns3::IdealWifiManager
407460,1,1,27,1,69.7793,0.000456704,1.86627,38.3867,603670016,1997539120,395072,1307290,1.01698,1.01698,120.997,120.997,180.431,737310,ns3::IdealWifiManager
407460,2,1,27,1,69.8772,0.000459714,1.87333,38.2622,601714176,1997539120,393792,1307290,1.01447,1.01447,120.995,120.995,181.031,737702,ns3::IdealWifiManager
407460,1,1,25,2,54.5775,0.000202736,1.42095,57.6893,907332512,1997539120,593804,1307290,1.00539,1.00539,121,121,120.385,843768,ns3::IdealWifiManager
407460,2,1,25,2,34.9268,9.71632e-05,1.10211,82.6536,1299861960,1997539120,850695,1307290,1.01526,1.01526,121,121,82.6561,937558,ns3::IdealWifiManager
407460,1,1,25,3,59.5032,0.000256045,1.54001,51.4358,808940008,1997539120,529411,1307290,1.01085,1.01085,121,121,135.553,815301,ns3::IdealWifiManager
407460,2,1,25,3,35.1497,9.80492e-05,1.10414,82.3685,1295409368,1997539120,847781,1307290,1.01238,1.01238,121,121,83.1242,936068,ns3::IdealWifiManager
407460,1,1,29,1,72.5906,0.000491457,1.98426,34.8156,547512960,1997539120,358320,1307290,1.01704,1.01704,120.998,120.998,176.098,711001,ns3::IdealWifiManager
407460,2,1,29,1,72.3531,0.000485601,1.97715,35.1158,552257400,1997539120,361425,1307290,1.01448,1.01448,121,121,175.508,714590,ns3::IdealWifiManager
407460,1,1,27,2,54.9359,0.000230706,1.42908,57.236,900173832,1997539120,589119,1307290,1.00539,1.00539,120.996,120.996,135.913,841896,ns3::IdealWifiManager
407460,2,1,27,2,35.7722,0.000140326,1.11031,81.5797,1282974504,1997539120,839643,1307290,1.01526,1.01526,121,121,117.824,932265,ns3::IdealWifiManager
407460,1,1,27,3,59.8789,0.000277977,1.55029,50.9586,801434472,1997539120,524499,1307290,1.01085,1.01085,121,121,145.798,813125,ns3::IdealWifiManager
407460,2,1,27,3,36.0026,0.000141369,1.11109,81.2849,1278372168,1997539120,836631,1307290,1.01211,1.01211,121,121,118.274,929574,ns3::IdealWifiManager
407460,1,1,31,1,76.9337,0.00059619,2.20451,29.2984,460757704,1997539120,301543,1307290,1.01718,1.01718,121,121,179.776,664753,ns3::IdealWifiManager
407460,2,1,31,1,77.0215,0.000599672,2.21148,29.1869,459005088,1997539120,300396,1307290,1.01451,1.01451,120.998,120.998,180.139,664318,ns3::IdealWifiManager
407460,1,1,29,2,59.6682,0.000261891,1.54457,51.2238,805644112,1997539120,527254,1307290,1.00541,1.00541,121,121,138.083,814383,ns3::IdealWifiManager
407460,2,1,29,2,41.6703,0.000140157,1.1569,74.0882,1165158064,1997539120,762538,1307290,1.01529,1.01529,121,121,106.875,882183,ns3::IdealWifiManager
407460,1,1,29,3,69.7141,0.000387716,1.86889,38.4666,604971872,1997539120,395924,1307290,1.01085,1.01085,121,121,153.506,739939,ns3::IdealWifiManager
407460,2,1,29,3,41.8793,0.000141455,1.15689,73.8208,1160983568,1997539120,759806,1307290,1.01213,1.01213,121,121,107.478,879010,ns3::IdealWifiManager
407460,1,1,31,2,69.7461,0.00038525,1.87025,38.4242,604333168,1997539120,395506,1307290,1.00548,1.00548,121,121,152.368,739695,ns3::IdealWifiManager
407460,2,1,31,2,51.1586,0.000182205,1.34388,62.0366,975626472,1997539120,638499,1307290,1.01532,1.01532,121,121,116.338,858066,ns3::IdealWifiManager
407460,1,1,33,1,76.9978,0.000598588,2.20839,29.2171,459478768,1997539120,300706,1307290,1.01718,1.01718,121,121,179.998,664077,ns3::IdealWifiManager
407460,2,1,33,1,76.8748,0.000595345,2.20395,29.3786,461935792,1997539120,302314,1307290,1.01451,1.01451,120.976,120.976,179.981,666286,ns3::IdealWifiManager
407460,1,1,31,3,69.7051,0.000387723,1.86862,38.478,605152176,1997539120,396042,1307290,1.01085,1.01085,121,121,153.554,740051,ns3::IdealWifiManager
407460,2,1,31,3,51.3198,0.000183438,1.34736,61.8301,972405448,1997539120,636391,1307290,1.01216,1.01216,121,121,116.738,857450,ns3::IdealWifiManager
407460,1,1,35,1,76.8871,0.000594445,2.20201,29.3584,461689784,1997539120,302153,1307290,1.01718,1.01718,120.997,120.997,179.613,665344,ns3::IdealWifiManager
407460,2,1,35,1,76.9376,0.000596575,2.20718,29.2928,460679776,1997539120,301492,1307290,1.01451,1.01451,121,121,179.862,665447,ns3::IdealWifiManager
407460,1,1,33,2,69.7388,0.000384449,1.86998,38.4335,604478328,1997539120,395601,1307290,1.00548,1.00548,121,121,152.088,739765,ns3::IdealWifiManager
407460,2,1,33,2,51.1436,0.000182192,1.34364,62.0556,975925960,1997539120,638695,1307290,1.01532,1.01532,121,121,116.365,858173,ns3::IdealWifiManager
407460,1,1,33,3,69.698,0.00038696,1.86825,38.4871,605294280,1997539120,396135,1307290,1.01085,1.01085,121,121,153.288,740078,ns3::IdealWifiManager
407460,2,1,33,3,51.3113,0.000183408,1.34725,61.841,972576584,1997539120,636503,1307290,1.01216,1.01216,121,121,116.739,857530,ns3::IdealWifiManager
407460,1,1,35,2,69.7191,0.000383937,1.86923,38.4585,604872552,1997539120,395859,1307290,1.00548,1.00548,121,121,151.984,739951,ns3::IdealWifiManager
407460,2,1,35,2,51.1034,0.000181802,1.34243,62.1068,976729688,1997539120,639221,1307290,1.01539,1.01539,121,121,116.211,858110,ns3::IdealWifiManager
407460,1,1,37,1,76.9403,0.00059714,2.20546,29.2898,460626296,1997539120,301457,1307290,1.0163,1.0163,121,121,180.011,664852,ns3::IdealWifiManager
407460,2,1,37,1,76.8558,0.00059531,2.20187,29.3986,462314736,1997539120,302562,1307290,1.01715,1.01715,120.995,120.995,180.118,666203,ns3::IdealWifiManager
407460,1,1,35,3,69.6873,0.000385893,1.86791,38.5008,605508200,1997539120,396275,1307290,1.01113,1.01113,121,121,152.919,740208,ns3::IdealWifiManager
407460,2,1,35,3,51.2676,0.000183026,1.34602,61.8965,973449072,1997539120,637074,1307290,1.01216,1.01216,121,121,116.601,857516,ns3::IdealWifiManager
407460,1,1,39,1,76.8566,0.000598087,2.20085,29.398,462297928,1997539120,302551,1307290,1.0163,1.0163,120.992,120.992,180.951,665869,ns3::IdealWifiManager
407460,2,1,39,1,76.9991,0.000603701,2.20998,29.2154,459452792,1997539120,300689,1307290,1.01715,1.01715,121,121,181.526,664516,ns3::IdealWifiManager
407460,1,1,37,2,69.7147,0.000384179,1.86896,38.4642,604961176,1997539120,395917,1307290,1.00548,1.00548,121,121,152.102,739952,ns3::IdealWifiManager
407460,2,1,37,2,51.089,0.000182152,1.34185,62.1276,977015424,1997539120,639408,1307290,1.02043,1.02043,121,121,116.47,857992,ns3::IdealWifiManager
407460,1,1,37,3,69.8257,0.000393556,1.87361,38.3249,602742520,1997539120,394465,1307290,1.01113,1.01113,121,121,155.244,739075,ns3::IdealWifiManager
407460,2,1,37,3,51.2632,0.000183338,1.34599,61.902,973536168,1997539120,637131,1307290,1.01216,1.01216,121,121,116.81,857573,ns3::IdealWifiManager
407460,1,1,41,1,79.0919,0.000674624,2.33692,26.5571,417646712,1997539120,273329,1307290,1.01743,1.01743,121,121,184.394,638748,ns3::IdealWifiManager
407460,2,1,41,1,79.2402,0.000681339,2.34734,26.37,414685448,1997539120,271391,1307290,1.01448,1.01448,120.992,120.992,184.909,637046,ns3::IdealWifiManager
407460,1,1,39,2,69.728,0.000383988,1.86949,38.4473,604695304,1997539120,395743,1307290,1.00548,1.00548,121,121,151.96,739838,ns3::IdealWifiManager
407460,2,1,39,2,51.1016,0.000186804,1.3423,62.1116,976764832,1997539120,639244,1307290,1.02043,1.02043,121,121,119.413,858057,ns3::IdealWifiManager
407460,1,1,39,3,79.8108,0.000631964,2.39034,25.6428,403288096,1997539120,263932,1307290,1.01113,1.01113,121,121,166.795,630888,ns3::IdealWifiManager
407460,2,1,39,3,51.2611,0.000188133,1.34618,61.9048,973578952,1997539120,637159,1307290,1.01216,1.01216,121,121,119.87,857733,ns3::IdealWifiManager
407460,1,1,41,2,69.8238,0.000392141,1.87341,38.3256,602780720,1997539120,394490,1307290,1.00548,1.00548,121,121,154.695,739040,ns3::IdealWifiManager
407460,2,1,41,2,55.8236,0.000218729,1.44879,56.1138,882441392,1997539120,577514,1307290,1.02045,1.02045,121,121,126.319,836697,ns3::IdealWifiManager
407460,1,1,41,3,79.8109,0.000631219,2.39038,25.6426,403285040,1997539120,263930,1307290,1.01113,1.01113,121,121,166.597,630892,ns3::IdealWifiManager
407460,2,1,41,3,55.9379,0.000219586,1.45154,55.9646,880157032,1997539120,576019,1307290,1.01217,1.01217,121,121,126.486,836113,ns3::IdealWifiManager
407457,1,1,27,1,70.0369,0.000464263,1.87934,38.0567,598523712,1997539120,391704,1307290,1.00946,1.00946,120.998,120.998,181.853,736146,ns3::IdealWifiManager
407457,2,1,27,1,69.7806,0.000455873,1.8664,38.3999,603644040,1997539120,395055,1307290,1.06634,1.06634,121,121,180.095,737331,ns3::IdealWifiManager
407457,1,1,25,1,69.7831,0.000419738,1.86596,38.3803,603595144,1997539120,395023,1307290,1.00946,1.00946,120.994,120.994,165.806,737098,ns3::IdealWifiManager
407457,2,1,25,1,69.4112,0.000411392,1.85037,38.8693,611022752,1997539120,399884,1307290,1.06634,1.06634,121,121,164.509,739934,ns3::IdealWifiManager
407457,1,1,25,2,54.5808,0.000203087,1.42105,57.6852,907266808,1997539120,593761,1307290,1.00552,1.00552,121,121,120.585,843764,ns3::IdealWifiManager
407457,2,1,25,2,34.9414,9.74638e-05,1.10236,82.6315,1299570112,1997539120,850504,1307290,1.0102,1.0102,121,121,82.8932,937558,ns3::IdealWifiManager
407457,1,1,25,3,54.5912,0.000203971,1.42126,57.6731,907059000,1997539120,593625,1307290,1.00782,1.00782,121,121,121.082,843693,ns3::IdealWifiManager
407457,2,1,25,3,35.1258,9.7972e-05,1.10382,82.4007,1295887632,1997539120,848094,1307290,1.01505,1.01505,121,121,83.0894,936142,ns3::IdealWifiManager
407457,1,1,29,1,72.8037,0.000496763,1.9959,34.542,543255952,1997539120,355534,1307290,1.00948,1.00948,121,121,176.616,709610,ns3::IdealWifiManager
407457,2,1,29,1,72.3083,0.000484722,1.97304,35.1886,553152808,1997539120,362011,1307290,1.06797,1.06797,120.999,120.999,175.474,714262,ns3::IdealWifiManager
407457,1,1,27,2,54.8908,0.000230091,1.42816,57.2915,901073824,1997539120,589708,1307290,1.00554,1.00554,121,121,135.686,842198,ns3::IdealWifiManager
407457,2,1,27,2,35.7745,0.000140434,1.11022,81.5736,1282930192,1997539120,839614,1307290,1.01042,1.01042,121,121,117.91,932155,ns3::IdealWifiManager
407457,1,1,27,3,54.9776,0.000230669,1.43009,57.1823,899339544,1997539120,588573,1307290,1.00782,1.00782,121,121,135.765,841714,ns3::IdealWifiManager
407457,2,1,27,3,35.9919,0.000141593,1.11212,81.3006,1278587616,1997539120,836772,1307290,1.01505,1.01505,121,121,118.481,930594,ns3::IdealWifiManager
407457,1,1,31,1,77.0221,0.000600166,2.21285,29.1856,458992864,1997539120,300388,1307290,1.00951,1.00951,120.995,120.995,180.282,664714,ns3::IdealWifiManager
407457,2,1,31,1,76.8224,0.000592769,2.19894,29.4527,462982472,1997539120,302999,1307290,1.0696,1.0696,121,121,179.608,666277,ns3::IdealWifiManager
407457,1,1,29,2,59.6864,0.00026267,1.54501,51.2007,805280448,1997539120,527016,1307290,1.00558,1.00558,121,121,138.431,814245,ns3::IdealWifiManager
407457,2,1,29,2,41.6791,0.000140156,1.15549,74.0741,1164982344,1997539120,762423,1307290,1.01045,1.01045,121,121,106.858,880970,ns3::IdealWifiManager
407457,1,1,31,2,69.7509,0.000385384,1.87039,38.419,604236904,1997539120,395443,1307290,1.00799,1.00799,121,121,152.397,739635,ns3::IdealWifiManager
407457,2,1,31,2,51.1561,0.000182046,1.34391,62.0371,975675368,1997539120,638531,1307290,1.01018,1.01018,121,121,116.242,858126,ns3::IdealWifiManager
407457,1,1,33,1,77.1438,0.000603736,2.21897,29.0315,456561816,1997539120,298797,1307290,1.00951,1.00951,120.993,120.993,180.394,663020,ns3::IdealWifiManager
407457,2,1,33,1,76.8842,0.000595144,2.20212,29.3745,461746320,1997539120,302190,1307290,1.0696,1.0696,120.998,120.998,179.846,665460,ns3::IdealWifiManager
407457,1,1,29,3,59.707,0.000262677,1.54553,51.1756,804869416,1997539120,526747,1307290,1.00782,1.00782,121,121,138.364,814105,ns3::IdealWifiManager
407457,2,1,29,3,41.8869,0.000141197,1.15692,73.813,1160832296,1997539120,759707,1307290,1.01507,1.01507,121,121,107.268,878918,ns3::IdealWifiManager
407457,1,1,31,3,69.7788,0.000384268,1.87158,38.3835,603680712,1997539120,395079,1307290,1.00782,1.00782,121,121,151.816,739420,ns3::IdealWifiManager
407457,2,1,31,3,51.3242,0.000183467,1.34741,61.8262,972318352,1997539120,636334,1307290,1.0151,1.0151,121,121,116.746,857405,ns3::IdealWifiManager
407457,1,1,35,1,76.9148,0.000596314,2.20596,29.3206,461136648,1997539120,301791,1307290,1.00951,1.00951,121,121,179.962,665740,ns3::IdealWifiManager
407457,2,1,35,1,76.9145,0.000595936,2.20285,29.3359,461142760,1997539120,301795,1307290,1.0696,1.0696,120.999,120.999,179.85,664809,ns3::IdealWifiManager
407457,1,1,33,2,69.7344,0.000385471,1.8699,38.4397,604566952,1997539120,395659,1307290,1.00715,1.00715,121,121,152.515,739844,ns3::IdealWifiManager
407457,2,1,33,2,51.1532,0.000182178,1.3436,62.0416,975733432,1997539120,638569,1307290,1.01171,1.01171,121,121,116.333,857983,ns3::IdealWifiManager
407457,1,1,33,3,69.7576,0.000384247,1.87067,38.4105,604103968,1997539120,395356,1307290,1.00782,1.00782,121,121,151.914,739581,ns3::IdealWifiManager
407457,2,1,33,3,51.2918,0.000183208,1.34673,61.8673,972966224,1997539120,636758,1307290,1.0151,1.0151,121,121,116.659,857542,ns3::IdealWifiManager
407457,1,1,35,2,69.7247,0.000384281,1.86932,38.452,604761008,1997539120,395786,1307290,1.00715,1.00715,121,121,152.093,739851,ns3::IdealWifiManager
407457,2,1,35,2,51.1111,0.000181828,1.34281,62.0951,976575360,1997539120,639120,1307290,1.01178,1.01178,121,121,116.21,858214,ns3::IdealWifiManager
407457,1,1,37,1,77.1156,0.00060374,2.21771,29.0656,457125648,1997539120,299166,1307290,1.00951,1.00951,121,121,180.618,663464,ns3::IdealWifiManager
407457,2,1,37,1,76.6937,0.000589327,2.19156,29.6182,465552568,1997539120,304681,1307290,1.0696,1.0696,120.992,120.992,179.556,667727,ns3::IdealWifiManager
407457,1,1,35,3,69.7357,0.000383522,1.86989,38.4384,604540976,1997539120,395642,1307290,1.0081,1.0081,121,121,151.737,739805,ns3::IdealWifiManager
407457,2,1,35,3,51.2628,0.000182957,1.3462,61.9042,973545336,1997539120,637137,1307290,1.0151,1.0151,121,121,116.568,857711,ns3::IdealWifiManager
407457,1,1,39,1,77.093,0.000606311,2.21652,29.0942,457576408,1997539120,299461,1307290,1.00951,1.00951,121,121,181.566,663760,ns3::IdealWifiManager
407457,2,1,39,1,76.7095,0.000593743,2.19299,29.5964,465237800,1997539120,304475,1307290,1.0696,1.0696,120.999,120.999,180.779,667711,ns3::IdealWifiManager
407457,1,1,37,2,69.7228,0.000383939,1.86938,38.4548,604799208,1997539120,395811,1307290,1.0082,1.0082,121,121,151.967,739920,ns3::IdealWifiManager
407457,2,1,37,2,51.0704,0.000181983,1.34194,62.1473,977388256,1997539120,639652,1307290,1.01263,1.01263,121,121,116.406,858373,ns3::IdealWifiManager
407457,1,1,37,3,69.7345,0.000383761,1.86985,38.4399,604565424,1997539120,395658,1307290,1.0081,1.0081,121,121,151.838,739822,ns3::IdealWifiManager
407457,2,1,37,3,51.2393,0.000183296,1.34576,61.934,974014432,1997539120,637444,1307290,1.0151,1.0151,121,121,116.841,857844,ns3::IdealWifiManager
407457,1,1,39,2,69.7394,0.000384483,1.86994,38.4337,604467632,1997539120,395594,1307290,1.00822,1.00822,121,121,152.099,739736,ns3::IdealWifiManager
407457,2,1,39,2,51.1191,0.000186679,1.3431,62.0854,976414920,1997539120,639015,1307290,1.0127,1.0127,121,121,119.29,858258,ns3::IdealWifiManager
407457,1,1,41,1,79.2917,0.000683179,2.35166,26.304,413657104,1997539120,270718,1307290,1.00952,1.00952,120.989,120.989,184.948,636637,ns3::IdealWifiManager
407457,2,1,41,1,79.0524,0.00067344,2.3339,26.6192,418436688,1997539120,273846,1307290,1.07064,1.07064,121,121,184.418,639128,ns3::IdealWifiManager
407457,1,1,39,3,69.7504,0.000384166,1.87039,38.4197,604247600,1997539120,395450,1307290,1.0081,1.0081,121,121,151.918,739646,ns3::IdealWifiManager
407457,2,1,39,3,51.2842,0.00018811,1.34643,61.877,973117496,1997539120,636857,1307290,1.01511,1.01511,121,121,119.799,857481,ns3::IdealWifiManager
407457,1,1,41,2,69.8299,0.000392348,1.87373,38.3187,602660008,1997539120,394411,1307290,1.00822,1.00822,121,121,154.746,739021,ns3::IdealWifiManager
407457,2,1,41,2,55.8274,0.000218547,1.44883,56.1052,882364992,1997539120,577464,1307290,1.01272,1.01272,121,121,126.203,836647,ns3::IdealWifiManager
407457,1,1,41,3,69.8468,0.000392549,1.8745,38.2973,602322320,1997539120,394190,1307290,1.0081,1.0081,121,121,154.739,738909,ns3::IdealWifiManager
407457,2,1,41,3,55.9432,0.000219762,1.45164,55.9593,880051600,1997539120,575950,1307290,1.01513,1.01513,121,121,126.572,836073,ns3::IdealWifiManager
