rngRun,flow,nStations,distance,linksNumber,loss,jitter,latency,throughput,rxBytes,txBytes,rxPackets,txPackets,timeFirstRxPacket,timeFirstTxPacket,timeLastRxPacket,timeLastTxPacket,jitterSum,delaySum,rateAdaptationManager,scenario,MLOn,paddingDelayUsec,transitionDelayUsec,channelSwitchDelay
1,1,1,1,3,42.0739,0.000159418,1.3471,63.1483,993074704,1714380856,649918,1121977,1.01735,1.01735,120.998,120.998,103.608,875507,ns3::ThompsonSamplingWifiManager,3,0,32,128,5
1,2,1,1,3,29.4638,9.47864e-05,1.19178,76.9018,1209259200,1714380856,791400,1121977,1.02984,1.02984,121,121,75.0139,943172,ns3::ThompsonSamplingWifiManager,3,0,32,128,5
1,3,1,1,3,37.3063,0.000131837,1.25176,68.3415,1074808952,1714380856,703409,1121977,1.01221,1.01221,121,121,92.7354,880501,ns3::ThompsonSamplingWifiManager,3,0,32,128,5
1,4,1,1,3,4.70598,1.75869e-05,0.150959,103.877,1633702456,1714380856,1069177,1121977,1.01008,1.01008,121,121,18.8035,161402,ns3::ThompsonSamplingWifiManager,3,0,32,128,5
1,1,1,1,3,42.4912,0.000162173,1.35664,62.6945,985920608,1714380856,645236,1121977,1.02174,1.02174,121,121,104.64,875353,ns3::ThompsonSamplingWifiManager,3,0,32,128,10
1,2,1,1,3,28.117,8.91973e-05,1.16595,78.3677,1232348808,1714380856,806511,1121977,1.0239,1.0239,120.998,120.998,71.9385,940355,ns3::ThompsonSamplingWifiManager,3,0,32,128,10
1,3,1,1,3,38.5217,0.000138825,1.3173,67.0168,1053971616,1714380856,689772,1121977,1.01221,1.01221,120.999,120.999,95.7577,908635,ns3::ThompsonSamplingWifiManager,3,0,32,128,10
1,4,1,1,3,4.6894,1.75502e-05,0.149297,103.895,1633986664,1714380856,1069363,1121977,1.01008,1.01008,121,121,18.7675,159652,ns3::ThompsonSamplingWifiManager,3,0,32,128,10
1,1,1,1,3,45.2189,0.000180393,1.38172,59.7214,939156168,1714380856,614631,1121977,1.01954,1.01954,120.997,120.997,110.875,849249,ns3::ThompsonSamplingWifiManager,3,0,32,128,15
1,2,1,1,3,25.7187,8.0647e-05,1.09133,80.9786,1273464232,1714380856,833419,1121977,1.02054,1.02054,121,121,67.2127,909535,ns3::ThompsonSamplingWifiManager,3,0,32,128,15
1,3,1,1,3,39.9852,0.000147347,1.31588,65.4212,1028881856,1714380856,673352,1121977,1.01221,1.01221,121,121,99.2162,886054,ns3::ThompsonSamplingWifiManager,3,0,32,128,15
1,4,1,1,3,4.52906,1.71624e-05,0.14545,104.07,1636735536,1714380856,1071162,1121977,1.01008,1.01008,121,121,18.3837,155800,ns3::ThompsonSamplingWifiManager,3,0,32,128,15
1,1,1,1,3,44.1848,0.000173281,1.40434,60.8491,956885552,1714380856,626234,1121977,1.01954,1.01954,120.996,120.996,108.515,879447,ns3::ThompsonSamplingWifiManager,3,0,32,128,20
1,2,1,1,3,27.6268,8.76865e-05,1.12566,78.8985,1240752808,1714380856,812011,1121977,1.02055,1.02055,121,121,71.2023,914046,ns3::ThompsonSamplingWifiManager,3,0,32,128,20
1,3,1,1,3,38.9828,0.000141354,1.29806,66.5139,1046067272,1714380856,684599,1121977,1.01221,1.01221,121,121,96.7704,888653,ns3::ThompsonSamplingWifiManager,3,0,32,128,20
1,4,1,1,3,4.61801,1.73492e-05,0.147166,103.973,1635210592,1714380856,1070164,1121977,1.01008,1.01008,121,121,18.5665,157491,ns3::ThompsonSamplingWifiManager,3,0,32,128,20
1,1,1,1,3,45.4299,0.000181677,1.39684,59.4967,935539392,1714380856,612264,1121977,1.03361,1.03361,121,121,111.234,855238,ns3::ThompsonSamplingWifiManager,3,0,32,128,25
1,2,1,1,3,25.3471,7.9099e-05,1.10268,81.392,1279834464,1714380856,837588,1121977,1.02707,1.02707,120.994,120.994,66.2523,923595,ns3::ThompsonSamplingWifiManager,3,0,32,128,25
1,3,1,1,3,40.0992,0.000147906,1.31327,65.297,1026927544,1714380856,672073,1121977,1.01221,1.01221,121,121,99.4036,882616,ns3::ThompsonSamplingWifiManager,3,0,32,128,25
1,4,1,1,3,4.53601,1.7369e-05,0.143762,104.062,1636616352,1714380856,1071084,1121977,1.01008,1.01008,121,121,18.6037,153981,ns3::ThompsonSamplingWifiManager,3,0,32,128,25
1,1,1,1,3,45.3643,0.000181197,1.39586,59.5612,936664000,1714380856,613000,1121977,1.01954,1.01954,121,121,111.074,855664,ns3::ThompsonSamplingWifiManager,3,0,32,128,30
1,2,1,1,3,26.8809,8.43781e-05,1.14499,79.7174,1253539112,1714380856,820379,1121977,1.02055,1.02055,120.991,120.991,69.2219,939329,ns3::ThompsonSamplingWifiManager,3,0,32,128,30
1,3,1,1,3,38.8094,0.000140644,1.30621,66.7029,1049039232,1714380856,686544,1121977,1.01221,1.01221,121,121,96.5581,896769,ns3::ThompsonSamplingWifiManager,3,0,32,128,30
1,4,1,1,3,4.59136,1.72933e-05,0.142785,104.002,1635667464,1714380856,1070463,1121977,1.01008,1.01008,121,121,18.5118,152847,ns3::ThompsonSamplingWifiManager,3,0,32,128,30
1,1,1,1,3,45.398,0.000181828,1.37307,59.5275,936086416,1714380856,612622,1121977,1.02275,1.02275,120.997,120.997,111.392,841175,ns3::ThompsonSamplingWifiManager,3,0,32,128,35
1,2,1,1,3,25.5022,8.00017e-05,1.04349,81.2208,1277175744,1714380856,835848,1121977,1.02978,1.02978,121,121,66.8692,872201,ns3::ThompsonSamplingWifiManager,3,0,32,128,35
1,3,1,1,3,39.1874,0.000142565,1.33747,66.2909,1042558984,1714380856,682303,1121977,1.01221,1.01221,121,121,97.2727,912556,ns3::ThompsonSamplingWifiManager,3,0,32,128,35
1,4,1,1,3,4.58913,1.73705e-05,0.145562,104.004,1635705664,1714380856,1070488,1121977,1.01008,1.01008,121,121,18.5949,155823,ns3::ThompsonSamplingWifiManager,3,0,32,128,35
1,1,1,1,3,46.841,0.000191887,1.40707,57.9515,911348096,1714380856,596432,1121977,1.0175,1.0175,120.998,120.998,114.448,839219,ns3::ThompsonSamplingWifiManager,3,0,32,128,40
1,2,1,1,3,23.2731,7.15516e-05,1.07623,83.6501,1315391024,1714380856,860858,1121977,1.02832,1.02832,121,121,61.5957,926484,ns3::ThompsonSamplingWifiManager,3,0,32,128,40
1,3,1,1,3,38.8632,0.000140957,1.2922,66.6452,1048117848,1714380856,685941,1121977,1.0137,1.0137,121,121,96.6884,886371,ns3::ThompsonSamplingWifiManager,3,0,32,128,40
1,4,1,1,3,4.74413,1.77344e-05,0.153543,103.835,1633048472,1714380856,1068749,1121977,1.0103,1.0103,121,121,18.9536,164099,ns3::ThompsonSamplingWifiManager,3,0,32,128,40
1,1,1,1,3,45.8028,0.000184373,1.38891,59.0822,929146240,1714380856,608080,1121977,1.0175,1.0175,121,121,112.114,844571,ns3::ThompsonSamplingWifiManager,3,0,32,128,45
1,2,1,1,3,23.3645,7.17382e-05,1.01638,83.5483,1313824824,1714380856,859833,1121977,1.02521,1.02521,121,121,61.6828,873921,ns3::ThompsonSamplingWifiManager,3,0,32,128,45
1,3,1,1,3,39.4478,0.000144395,1.3574,66.0093,1038095696,1714380856,679382,1121977,1.0137,1.0137,120.997,120.997,98.0996,922192,ns3::ThompsonSamplingWifiManager,3,0,32,128,45
1,4,1,1,3,4.79725,1.78752e-05,0.154789,103.778,1632137784,1714380856,1068153,1121977,1.0103,1.0103,121,121,19.0935,165338,ns3::ThompsonSamplingWifiManager,3,0,32,128,45
1,1,1,1,3,46.7771,0.000191518,1.38082,58.0222,912443672,1714380856,597149,1121977,1.02188,1.02188,121,121,114.364,824555,ns3::ThompsonSamplingWifiManager,3,0,32,128,50
1,2,1,1,3,23.0695,7.10853e-05,1.04288,83.8872,1318882504,1714380856,863143,1121977,1.04989,1.04989,121,121,61.3567,900153,ns3::ThompsonSamplingWifiManager,3,0,32,128,50
1,3,1,1,3,38.0682,0.000136628,1.27528,67.5125,1061747608,1714380856,694861,1121977,1.01356,1.01356,120.999,120.999,94.9375,886142,ns3::ThompsonSamplingWifiManager,3,0,32,128,50
1,4,1,1,3,4.78076,1.77827e-05,0.150964,103.795,1632420464,1714380856,1068338,1121977,1.0103,1.0103,121,121,18.9979,161281,ns3::ThompsonSamplingWifiManager,3,0,32,128,50
1,1,1,1,3,45.4382,0.000181948,1.36806,59.4862,935397288,1714380856,612171,1121977,1.02188,1.02188,120.991,120.991,111.383,837485,ns3::ThompsonSamplingWifiManager,3,0,32,128,55
1,2,1,1,3,22.8131,6.97284e-05,1.03592,84.1667,1323277032,1714380856,866019,1121977,1.0499,1.0499,121,121,60.3861,897123,ns3::ThompsonSamplingWifiManager,3,0,32,128,55
1,3,1,1,3,39.5263,0.000144641,1.32424,65.9247,1036749528,1714380856,678501,1121977,1.01356,1.01356,120.996,120.996,98.1391,898498,ns3::ThompsonSamplingWifiManager,3,0,32,128,55
1,4,1,1,3,4.83691,1.79785e-05,0.157201,103.734,1631457824,1714380856,1067708,1121977,1.0103,1.0103,121,121,19.1957,167845,ns3::ThompsonSamplingWifiManager,3,0,32,128,55
1,1,1,1,3,45.5195,0.000182366,1.38808,59.3921,934003752,1714380856,611259,1121977,1.01967,1.01967,121,121,111.473,848477,ns3::ThompsonSamplingWifiManager,3,0,32,128,60
1,2,1,1,3,22.4723,6.7653e-05,1.0091,84.5144,1329120104,1714380856,869843,1121977,1.01584,1.01584,121,121,58.8474,877763,ns3::ThompsonSamplingWifiManager,3,0,32,128,60
1,3,1,1,3,39.3963,0.000143674,1.30366,66.0651,1038978880,1714380856,679960,1121977,1.01221,1.01221,120.997,120.997,97.6926,886439,ns3::ThompsonSamplingWifiManager,3,0,32,128,60
1,4,1,1,3,4.91124,1.80909e-05,0.161252,103.66,1630183472,1714380856,1066874,1121977,1.01856,1.01856,121,121,19.3007,172035,ns3::ThompsonSamplingWifiManager,3,0,32,128,60
1,1,1,1,3,44.4964,0.000175438,1.37612,60.506,951543664,1714380856,622738,1121977,1.0167,1.0167,121,121,109.252,856961,ns3::ThompsonSamplingWifiManager,3,0,32,128,65
1,2,1,1,3,23.3182,7.20482e-05,1.0525,83.6033,1314617856,1714380856,860352,1121977,1.0317,1.0317,121,121,61.9867,905517,ns3::ThompsonSamplingWifiManager,3,0,32,128,65
1,3,1,1,3,39.5591,0.000144541,1.31845,65.9027,1036187224,1714380856,678133,1121977,1.03204,1.03204,120.989,120.989,98.0181,894085,ns3::ThompsonSamplingWifiManager,3,0,32,128,65
1,4,1,1,3,4.99511,1.8251e-05,0.164068,103.562,1628745624,1714380856,1065933,1121977,1.01076,1.01076,121,121,19.4544,174886,ns3::ThompsonSamplingWifiManager,3,0,32,128,65
1,1,1,1,3,42.8077,0.000164275,1.35916,62.3466,980493152,1714380856,641684,1121977,1.01622,1.01622,121,121,105.412,872148,ns3::ThompsonSamplingWifiManager,3,0,32,128,70
1,2,1,1,3,24.6248,7.61308e-05,1.11652,82.1667,1292217376,1714380856,845692,1121977,1.01416,1.01416,121,121,64.3831,944233,ns3::ThompsonSamplingWifiManager,3,0,32,128,70
1,3,1,1,3,39.1857,0.000142379,1.30006,66.3037,1042588016,1714380856,682322,1121977,1.0273,1.0273,120.995,120.995,97.1484,887062,ns3::ThompsonSamplingWifiManager,3,0,32,128,70
1,4,1,1,3,4.98549,1.82213e-05,0.164226,103.573,1628910648,1714380856,1066041,1121977,1.01076,1.01076,121,121,19.4246,175071,ns3::ThompsonSamplingWifiManager,3,0,32,128,70
1,1,1,1,3,50.8051,0.000223561,1.42699,53.6326,843387240,1714380856,551955,1121977,1.01719,1.01719,120.992,120.992,123.395,787635,ns3::ThompsonSamplingWifiManager,3,0,32,128,75
1,2,1,1,3,50.233,0.000218517,1.44437,54.2613,853195472,1714380856,558374,1121977,1.03672,1.03672,121,121,122.014,806498,ns3::ThompsonSamplingWifiManager,3,0,32,128,75
1,3,1,1,3,4.109,1.62e-05,0.124844,104.529,1643937000,1714380856,1075875,1121977,1.01217,1.01217,121,121,17.4292,134316,ns3::ThompsonSamplingWifiManager,3,0,32,128,75
1,4,1,1,3,5.1165,1.84896e-05,0.169864,103.43,1626664488,1714380856,1064571,1121977,1.01044,1.01044,121,121,19.6835,180832,ns3::ThompsonSamplingWifiManager,3,0,32,128,75
1,1,1,1,3,50.609,0.000221867,1.44003,53.8539,846750368,1714380856,554156,1121977,1.03475,1.03475,120.993,120.993,122.948,798001,ns3::ThompsonSamplingWifiManager,3,0,32,128,80
1,2,1,1,3,50.527,0.000221108,1.42594,53.932,848156128,1714380856,555076,1121977,1.01695,1.01695,121,121,122.731,791506,ns3::ThompsonSamplingWifiManager,3,0,32,128,80
1,3,1,1,3,4.0622,1.61102e-05,0.123992,104.577,1644739200,1714380856,1076400,1121977,1.00818,1.00818,121,121,17.341,133464,ns3::ThompsonSamplingWifiManager,3,0,32,128,80
1,4,1,1,3,5.18317,1.86433e-05,0.172191,103.357,1625521544,1714380856,1063823,1121977,1.01065,1.01065,121,121,19.8331,183181,ns3::ThompsonSamplingWifiManager,3,0,32,128,80
1,1,1,1,3,50.3531,0.000219847,1.43562,54.1314,851137256,1714380856,557027,1121977,1.03897,1.03897,121,121,122.461,799678,ns3::ThompsonSamplingWifiManager,3,0,32,128,85
1,2,1,1,3,50.4452,0.000220731,1.43202,54.0234,849558832,1714380856,555994,1121977,1.01695,1.01695,120.995,120.995,122.725,796193,ns3::ThompsonSamplingWifiManager,3,0,32,128,85
1,3,1,1,3,4.06488,1.61024e-05,0.125379,104.574,1644693360,1714380856,1076370,1121977,1.00818,1.00818,121,121,17.3322,134955,ns3::ThompsonSamplingWifiManager,3,0,32,128,85
1,4,1,1,3,5.44441,1.94114e-05,0.186339,103.072,1621042976,1714380856,1060892,1121977,1.01065,1.01065,121,121,20.5934,197686,ns3::ThompsonSamplingWifiManager,3,0,32,128,85
1,1,1,1,3,50.7003,0.000222493,1.43085,53.7538,845184168,1714380856,553131,1121977,1.03897,1.03897,120.998,120.998,123.067,791450,ns3::ThompsonSamplingWifiManager,3,0,32,128,90
1,2,1,1,3,50.0453,0.000217279,1.4331,54.457,856413440,1714380856,560480,1121977,1.01695,1.01695,121,121,121.78,803227,ns3::ThompsonSamplingWifiManager,3,0,32,128,90
1,3,1,1,3,4.06408,1.61156e-05,0.123695,104.575,1644707112,1714380856,1076379,1121977,1.00818,1.00818,121,121,17.3465,133143,ns3::ThompsonSamplingWifiManager,3,0,32,128,90
1,4,1,1,3,5.75662,2.0006e-05,0.215949,102.745,1615690392,1714380856,1057389,1121977,1.02559,1.02559,121,121,21.1542,228342,ns3::ThompsonSamplingWifiManager,3,0,32,128,90
1,1,1,1,3,50.3036,0.000219306,1.44282,54.1784,851985296,1714380856,557582,1121977,1.02349,1.02349,121,121,122.281,804491,ns3::ThompsonSamplingWifiManager,3,0,32,128,95
1,2,1,1,3,50.4517,0.000220461,1.42813,54.0152,849447288,1714380856,555921,1121977,1.01695,1.01695,120.997,120.997,122.559,793927,ns3::ThompsonSamplingWifiManager,3,0,32,128,95
1,3,1,1,3,4.05998,1.60965e-05,0.124794,104.579,1644777400,1714380856,1076425,1121977,1.00818,1.00818,121,121,17.3266,134331,ns3::ThompsonSamplingWifiManager,3,0,32,128,95
1,4,1,1,3,6.05734,2.06935e-05,0.231664,102.417,1610534920,1714380856,1054015,1121977,1.02559,1.02559,121,121,21.8113,244177,ns3::ThompsonSamplingWifiManager,3,0,32,128,95
1,1,1,1,3,50.5325,0.000221076,1.43409,53.9316,848061392,1714380856,555014,1121977,1.02963,1.02963,121,121,122.7,795941,ns3::ThompsonSamplingWifiManager,3,0,32,128,100
1,2,1,1,3,50.4189,0.00022027,1.42547,54.0672,850008064,1714380856,556288,1121977,1.05163,1.05163,120.996,120.996,122.533,792970,ns3::ThompsonSamplingWifiManager,3,0,32,128,100
1,3,1,1,3,4.05525,1.60941e-05,0.123929,104.585,1644858384,1714380856,1076478,1121977,1.00818,1.00818,121,121,17.3249,133407,ns3::ThompsonSamplingWifiManager,3,0,32,128,100
1,4,1,1,3,6.09531,2.08613e-05,0.222295,102.364,1609883992,1714380856,1053589,1121977,1.01146,1.01146,121,121,21.9792,234208,ns3::ThompsonSamplingWifiManager,3,0,32,128,100
1,1,1,1,3,50.7234,0.000222722,1.4339,53.7195,844788416,1714380856,552872,1121977,1.02065,1.02065,121,121,123.137,792762,ns3::ThompsonSamplingWifiManager,3,0,32,128,105
1,2,1,1,3,49.9237,0.000216178,1.43707,54.5928,858499160,1714380856,561845,1121977,1.02065,1.02065,120.997,120.997,121.458,807411,ns3::ThompsonSamplingWifiManager,3,0,32,128,105
1,3,1,1,3,4.06318,1.6105e-05,0.124448,104.576,1644722392,1714380856,1076389,1121977,1.00818,1.00818,121,121,17.3352,133954,ns3::ThompsonSamplingWifiManager,3,0,32,128,105
1,4,1,1,3,6.16198,2.10534e-05,0.225441,102.291,1608741048,1714380856,1052841,1121977,1.01146,1.01146,121,121,22.1659,237354,ns3::ThompsonSamplingWifiManager,3,0,32,128,105
1,1,1,1,3,50.3676,0.00022001,1.43797,54.1116,850888192,1714380856,556864,1121977,1.02772,1.02772,120.998,120.998,122.515,800753,ns3::ThompsonSamplingWifiManager,3,0,32,128,110
1,2,1,1,3,50.5087,0.000221222,1.42808,53.9537,848469368,1714380856,555281,1121977,1.0209,1.0209,121,121,122.84,792984,ns3::ThompsonSamplingWifiManager,3,0,32,128,110
1,3,1,1,3,4.0581,1.61047e-05,0.123717,104.581,1644809488,1714380856,1076446,1121977,1.00818,1.00818,121,121,17.3359,133175,ns3::ThompsonSamplingWifiManager,3,0,32,128,110
1,4,1,1,3,6.41127,2.16425e-05,0.245429,102.025,1604467232,1714380856,1050044,1121977,1.01894,1.01894,121,121,22.7255,257712,ns3::ThompsonSamplingWifiManager,3,0,32,128,110
1,1,1,1,3,63.4665,0.000374225,1.81354,39.8424,626324144,1714380856,409898,1121977,1.06546,1.06546,121,121,153.394,743366,ns3::ThompsonSamplingWifiManager,3,0,32,128,115
1,2,1,1,3,65.0277,0.000399687,1.86745,38.1257,599558168,1714380856,392381,1121977,1.01902,1.01902,120.997,120.997,156.829,732754,ns3::ThompsonSamplingWifiManager,3,0,32,128,115
1,3,1,1,3,4.05784,1.61084e-05,0.123465,104.582,1644814072,1714380856,1076449,1121977,1.00818,1.00818,121,121,17.3398,132903,ns3::ThompsonSamplingWifiManager,3,0,32,128,115
1,4,1,1,3,64.6998,0.000394399,1.859,38.4894,605179680,1714380856,396060,1121977,1.03391,1.03391,120.993,120.993,156.205,736274,ns3::ThompsonSamplingWifiManager,3,0,32,128,115
1,1,1,1,3,63.4665,0.000374225,1.81354,39.8424,626324144,1714380856,409898,1121977,1.06546,1.06546,121,121,153.394,743366,ns3::ThompsonSamplingWifiManager,3,0,32,128,120
1,2,1,1,3,65.0277,0.000399687,1.86745,38.1257,599558168,1714380856,392381,1121977,1.01902,1.01902,120.997,120.997,156.829,732754,ns3::ThompsonSamplingWifiManager,3,0,32,128,120
1,3,1,1,3,4.05784,1.61084e-05,0.123465,104.582,1644814072,1714380856,1076449,1121977,1.00818,1.00818,121,121,17.3398,132903,ns3::ThompsonSamplingWifiManager,3,0,32,128,120
1,4,1,1,3,64.6998,0.000394399,1.859,38.4894,605179680,1714380856,396060,1121977,1.03391,1.03391,120.993,120.993,156.205,736274,ns3::ThompsonSamplingWifiManager,3,0,32,128,120
1,1,1,1,3,63.8058,0.000379755,1.82643,39.473,620507048,1714380856,406091,1121977,1.06758,1.06758,121,121,154.215,741697,ns3::ThompsonSamplingWifiManager,3,0,32,128,125
1,2,1,1,3,64.7975,0.000396389,1.85947,38.3769,603504992,1714380856,394964,1121977,1.01902,1.01902,120.997,120.997,156.559,734425,ns3::ThompsonSamplingWifiManager,3,0,32,128,125
1,3,1,1,3,4.05463,1.60959e-05,0.123895,104.585,1644869080,1714380856,1076485,1121977,1.00818,1.00818,121,121,17.327,133372,ns3::ThompsonSamplingWifiManager,3,0,32,128,125
1,4,1,1,3,64.539,0.000391411,1.8525,38.6729,607936192,1714380856,397864,1121977,1.05852,1.05852,120.992,120.992,155.728,737044,ns3::ThompsonSamplingWifiManager,3,0,32,128,125
2,1,1,1,3,43.7856,0.00017093,1.38848,61.3018,963729464,1714380856,630713,1121977,1.05771,1.05771,121,121,107.808,875730,ns3::ThompsonSamplingWifiManager,3,0,32,128,5
2,2,1,1,3,28.0239,8.86303e-05,1.16035,78.4556,1233944040,1714380856,807555,1121977,1.00541,1.00541,121,121,71.5737,937044,ns3::ThompsonSamplingWifiManager,3,0,32,128,5
2,3,1,1,3,37.7141,0.000134519,1.31249,67.897,1067818352,1714380856,698834,1121977,1.01214,1.01214,121,121,94.0061,917214,ns3::ThompsonSamplingWifiManager,3,0,32,128,5
2,4,1,1,3,4.66329,1.74841e-05,0.148852,103.919,1634434368,1714380856,1069656,1121977,1.00503,1.00503,121,121,18.702,159220,ns3::ThompsonSamplingWifiManager,3,0,32,128,5
2,1,1,1,3,43.7521,0.0001703,1.35701,61.3168,964302464,1714380856,631088,1121977,1.01576,1.01576,121,121,107.474,856390,ns3::ThompsonSamplingWifiManager,3,0,32,128,10
2,2,1,1,3,26.6685,8.3661e-05,1.14043,79.9336,1257181864,1714380856,822763,1121977,1.0042,1.0042,120.998,120.998,68.8331,938307,ns3::ThompsonSamplingWifiManager,3,0,32,128,10
2,3,1,1,3,39.5125,0.000144161,1.3091,65.9449,1036986368,1714380856,678656,1121977,1.02742,1.02742,121,121,97.8355,888427,ns3::ThompsonSamplingWifiManager,3,0,32,128,10
2,4,1,1,3,4.66801,1.7557e-05,0.144982,103.914,1634353384,1714380856,1069603,1121977,1.00533,1.00533,121,121,18.779,155073,ns3::ThompsonSamplingWifiManager,3,0,32,128,10
2,1,1,1,3,43.8047,0.000170683,1.34308,61.2687,963400944,1714380856,630498,1121977,1.03331,1.03331,120.999,120.999,107.615,846809,ns3::ThompsonSamplingWifiManager,3,0,32,128,15
2,2,1,1,3,27.3184,8.61292e-05,1.14547,79.2239,1246039688,1714380856,815471,1121977,1.0042,1.0042,121,121,70.2358,934096,ns3::ThompsonSamplingWifiManager,3,0,32,128,15
2,3,1,1,3,38.9307,0.000140668,1.33474,66.5729,1046961152,1714380856,685184,1121977,1.01604,1.01604,121,121,96.3835,914540,ns3::ThompsonSamplingWifiManager,3,0,32,128,15
2,4,1,1,3,4.56186,1.72547e-05,0.140907,104.03,1636173232,1714380856,1070794,1121977,1.00533,1.00533,121,121,18.4762,150883,ns3::ThompsonSamplingWifiManager,3,0,32,128,15
2,1,1,1,3,44.8734,0.000177943,1.40055,60.0951,945080224,1714380856,618508,1121977,1.01287,1.01287,120.996,120.996,110.059,866249,ns3::ThompsonSamplingWifiManager,3,0,32,128,20
2,2,1,1,3,26.466,8.26673e-05,1.1365,80.153,1260653480,1714380856,825035,1121977,1.00421,1.00421,121,121,68.2033,937656,ns3::ThompsonSamplingWifiManager,3,0,32,128,20
2,3,1,1,3,39.8383,0.000146094,1.32472,65.5898,1031400000,1714380856,675000,1121977,1.02772,1.02772,121,121,98.6133,894183,ns3::ThompsonSamplingWifiManager,3,0,32,128,20
2,4,1,1,3,4.61569,1.75247e-05,0.145203,103.971,1635250320,1714380856,1070190,1121977,1.00533,1.00533,121,121,18.7547,155395,ns3::ThompsonSamplingWifiManager,3,0,32,128,20
2,1,1,1,3,45.1312,0.000179459,1.36615,59.8267,940659720,1714380856,615615,1121977,1.04118,1.04118,120.999,120.999,110.478,841024,ns3::ThompsonSamplingWifiManager,3,0,32,128,25
2,2,1,1,3,26.9269,8.46968e-05,1.15602,79.6506,1252750664,1714380856,819863,1121977,1.00414,1.00414,121,121,69.4397,947777,ns3::ThompsonSamplingWifiManager,3,0,32,128,25
2,3,1,1,3,38.2346,0.000137345,1.30901,67.3316,1058894832,1714380856,692994,1121977,1.01575,1.01575,121,121,95.1789,907133,ns3::ThompsonSamplingWifiManager,3,0,32,128,25
2,4,1,1,3,4.5435,1.71944e-05,0.141994,104.05,1636488000,1714380856,1071000,1121977,1.00533,1.00533,121,121,18.4152,152076,ns3::ThompsonSamplingWifiManager,3,0,32,128,25
2,1,1,1,3,45.9772,0.000185752,1.36081,58.8938,926155944,1714380856,606123,1121977,1.02116,1.02116,121,121,112.588,824820,ns3::ThompsonSamplingWifiManager,3,0,32,128,30
2,2,1,1,3,25.2699,7.78053e-05,1.02103,81.4568,1281159240,1714380856,838455,1121977,1.00414,1.00414,121,121,65.2362,856087,ns3::ThompsonSamplingWifiManager,3,0,32,128,30
2,3,1,1,3,39.3784,0.000143496,1.32607,66.0861,1039284480,1714380856,680160,1121977,1.01664,1.01664,120.998,120.998,97.6004,901941,ns3::ThompsonSamplingWifiManager,3,0,32,128,30
2,4,1,1,3,4.62024,1.73498e-05,0.149249,103.966,1635172392,1714380856,1070139,1121977,1.00533,1.00533,121,121,18.5667,159718,ns3::ThompsonSamplingWifiManager,3,0,32,128,30
2,1,1,1,3,43.9009,0.000171404,1.31268,61.1574,961752232,1714380856,629419,1121977,1.02116,1.02116,121,121,107.885,826226,ns3::ThompsonSamplingWifiManager,3,0,32,128,35
2,2,1,1,3,27.7688,8.82406e-05,1.09168,78.7333,1238318704,1714380856,810418,1121977,1.00414,1.00414,120.999,120.999,71.5116,884717,ns3::ThompsonSamplingWifiManager,3,0,32,128,35
2,3,1,1,3,37.9586,0.000135831,1.27008,67.6329,1063625520,1714380856,696090,1121977,1.01664,1.01664,121,121,94.5508,884088,ns3::ThompsonSamplingWifiManager,3,0,32,128,35
2,4,1,1,3,4.6148,1.74295e-05,0.14544,103.972,1635265600,1714380856,1070200,1121977,1.00533,1.00533,121,121,18.6531,155650,ns3::ThompsonSamplingWifiManager,3,0,32,128,35
2,1,1,1,3,46.2415,0.000187464,1.40708,58.6065,921625424,1714380856,603158,1121977,1.02273,1.02273,121,121,113.07,848694,ns3::ThompsonSamplingWifiManager,3,0,32,128,40
2,2,1,1,3,24.1583,7.46417e-05,1.10673,82.6684,1300214928,1714380856,850926,1121977,1.00414,1.00414,121,121,63.5145,941746,ns3::ThompsonSamplingWifiManager,3,0,32,128,40
2,3,1,1,3,38.6616,0.000139507,1.29364,66.867,1051574184,1714380856,688203,1121977,1.01688,1.01688,120.999,120.999,96.009,890290,ns3::ThompsonSamplingWifiManager,3,0,32,128,40
2,4,1,1,3,4.73691,1.77687e-05,0.152633,103.839,1633172240,1714380856,1068830,1121977,1.00533,1.00533,121,121,18.9917,163139,ns3::ThompsonSamplingWifiManager,3,0,32,128,40
2,1,1,1,3,46.3152,0.000188043,1.37758,58.524,920361768,1714380856,602331,1121977,1.01788,1.01788,120.999,120.999,113.264,829759,ns3::ThompsonSamplingWifiManager,3,0,32,128,45
2,2,1,1,3,22.4475,6.88587e-05,1.00508,84.5331,1329544888,1714380856,870121,1121977,1.00414,1.00414,121,121,59.9153,874537,ns3::ThompsonSamplingWifiManager,3,0,32,128,45
2,3,1,1,3,39.6641,0.000145477,1.30603,65.7758,1034387240,1714380856,676955,1121977,1.02039,1.02039,121,121,98.4809,884125,ns3::ThompsonSamplingWifiManager,3,0,32,128,45
2,4,1,1,3,4.78414,1.77887e-05,0.15143,103.787,1632362400,1714380856,1068300,1121977,1.00533,1.00533,121,121,19.0037,161772,ns3::ThompsonSamplingWifiManager,3,0,32,128,45
2,1,1,1,3,46.8487,0.000192063,1.42612,57.9432,911215160,1714380856,596345,1121977,1.01789,1.01789,120.998,120.998,114.536,850462,ns3::ThompsonSamplingWifiManager,3,0,32,128,50
2,2,1,1,3,21.3227,6.35309e-05,0.992104,85.7591,1348828248,1714380856,882741,1121977,1.00414,1.00414,121,121,56.0812,875771,ns3::ThompsonSamplingWifiManager,3,0,32,128,50
2,3,1,1,3,40.0026,0.000147356,1.31069,65.4067,1028583896,1714380856,673157,1121977,1.0204,1.0204,121,121,99.1933,882298,ns3::ThompsonSamplingWifiManager,3,0,32,128,50
2,4,1,1,3,4.79217,1.78687e-05,0.156132,103.779,1632224880,1714380856,1068210,1121977,1.00533,1.00533,121,121,19.0876,166782,ns3::ThompsonSamplingWifiManager,3,0,32,128,50
2,1,1,1,3,46.2982,0.00018794,1.44705,58.5413,920653616,1714380856,602522,1121977,1.01568,1.01568,121,121,113.238,871880,ns3::ThompsonSamplingWifiManager,3,0,32,128,55
2,2,1,1,3,21.4321,6.40104e-05,1.00412,85.641,1346953392,1714380856,881514,1121977,1.00414,1.00414,120.999,120.999,56.426,885142,ns3::ThompsonSamplingWifiManager,3,0,32,128,55
2,3,1,1,3,39.8718,0.000146487,1.32394,65.557,1030827000,1714380856,674625,1121977,1.03432,1.03432,121,121,98.8236,893162,ns3::ThompsonSamplingWifiManager,3,0,32,128,55
2,4,1,1,3,4.83406,1.79461e-05,0.158994,103.733,1631506720,1714380856,1067740,1121977,1.00533,1.00533,121,121,19.1618,169765,ns3::ThompsonSamplingWifiManager,3,0,32,128,55
2,1,1,1,3,44.5744,0.000176013,1.39091,60.4205,950206664,1714380856,621863,1121977,1.01562,1.01562,121,121,109.456,864953,ns3::ThompsonSamplingWifiManager,3,0,32,128,60
2,2,1,1,3,23.1688,7.08196e-05,1.02518,83.7482,1317178784,1714380856,862028,1121977,1.00549,1.00549,120.999,120.999,61.0484,883732,ns3::ThompsonSamplingWifiManager,3,0,32,128,60
2,3,1,1,3,39.5984,0.000144598,1.3091,65.8561,1035513376,1714380856,677692,1121977,1.03617,1.03617,121,121,97.9929,887168,ns3::ThompsonSamplingWifiManager,3,0,32,128,60
2,4,1,1,3,4.93067,1.8133e-05,0.160699,103.628,1629850368,1714380856,1066656,1121977,1.00527,1.00527,121,121,19.3416,171411,ns3::ThompsonSamplingWifiManager,3,0,32,128,60
2,1,1,1,3,44.0315,0.000172405,1.35321,61.0138,959513712,1714380856,627954,1121977,1.01535,1.01535,120.997,120.997,108.262,849754,ns3::ThompsonSamplingWifiManager,3,0,32,128,65
2,2,1,1,3,23.484,7.20757e-05,1.02974,83.4036,1311775776,1714380856,858492,1121977,1.00446,1.00446,121,121,61.8763,884020,ns3::ThompsonSamplingWifiManager,3,0,32,128,65
2,3,1,1,3,39.7341,0.00014588,1.30043,65.701,1033186232,1714380856,676169,1121977,1.02332,1.02332,121,121,98.6391,879309,ns3::ThompsonSamplingWifiManager,3,0,32,128,65
2,4,1,1,3,5.02809,1.83708e-05,0.167314,103.522,1628180264,1714380856,1065563,1121977,1.00535,1.00535,121,121,19.5752,178284,ns3::ThompsonSamplingWifiManager,3,0,32,128,65
2,1,1,1,3,42.3305,0.000160939,1.32119,62.8667,988675592,1714380856,647039,1121977,1.01588,1.01588,121,121,104.134,854859,ns3::ThompsonSamplingWifiManager,3,0,32,128,70
2,2,1,1,3,25.0529,7.77909e-05,1.09837,81.695,1284878392,1714380856,840889,1121977,1.00457,1.00457,120.998,120.998,65.4134,923609,ns3::ThompsonSamplingWifiManager,3,0,32,128,70
2,3,1,1,3,39.6079,0.000144829,1.32404,65.8424,1035351408,1714380856,677586,1121977,1.03001,1.03001,121,121,98.134,897149,ns3::ThompsonSamplingWifiManager,3,0,32,128,70
2,4,1,1,3,4.95875,1.8171e-05,0.163868,103.597,1629369048,1714380856,1066341,1121977,1.00531,1.00531,121,121,19.3765,174739,ns3::ThompsonSamplingWifiManager,3,0,32,128,70
2,1,1,1,3,50.1623,0.000218101,1.433,54.338,854407176,1714380856,559167,1121977,1.03575,1.03575,121,121,121.955,801286,ns3::ThompsonSamplingWifiManager,3,0,32,128,75
2,2,1,1,3,50.6649,0.000222483,1.43854,53.7822,845792312,1714380856,553529,1121977,1.0124,1.0124,120.994,120.994,123.151,796271,ns3::ThompsonSamplingWifiManager,3,0,32,128,75
2,3,1,1,3,4.11158,1.61995e-05,0.125266,104.526,1643892688,1714380856,1075846,1121977,1.0121,1.0121,121,121,17.4282,134767,ns3::ThompsonSamplingWifiManager,3,0,32,128,75
2,4,1,1,3,5.11633,1.85009e-05,0.170524,103.429,1626667544,1714380856,1064573,1121977,1.00975,1.00975,121,121,19.6955,181535,ns3::ThompsonSamplingWifiManager,3,0,32,128,75
2,1,1,1,3,50.3568,0.000219804,1.43197,54.12,851073080,1714380856,556985,1121977,1.02219,1.02219,120.999,120.999,122.427,797587,ns3::ThompsonSamplingWifiManager,3,0,32,128,80
2,2,1,1,3,50.4237,0.000220229,1.44248,54.0448,849927080,1714380856,556235,1121977,1.01246,1.01246,120.995,120.995,122.499,802360,ns3::ThompsonSamplingWifiManager,3,0,32,128,80
2,3,1,1,3,4.04839,1.60987e-05,0.122537,104.595,1644976040,1714380856,1076555,1121977,1.01214,1.01214,121,121,17.3311,131917,ns3::ThompsonSamplingWifiManager,3,0,32,128,80
2,4,1,1,3,5.20893,1.87126e-05,0.172183,103.329,1625079952,1714380856,1063534,1121977,1.01004,1.01004,121,121,19.9015,183122,ns3::ThompsonSamplingWifiManager,3,0,32,128,80
2,1,1,1,3,50.598,0.000221665,1.42941,53.8589,846938312,1714380856,554279,1121977,1.022,1.022,120.995,120.995,122.864,792293,ns3::ThompsonSamplingWifiManager,3,0,32,128,85
2,2,1,1,3,50.1315,0.000218033,1.43999,54.3611,854935864,1714380856,559513,1121977,1.01247,1.01247,121,121,121.992,805695,ns3::ThompsonSamplingWifiManager,3,0,32,128,85
2,3,1,1,3,4.05855,1.61003e-05,0.123504,104.584,1644801848,1714380856,1076441,1121977,1.01214,1.01214,121,121,17.331,132945,ns3::ThompsonSamplingWifiManager,3,0,32,128,85
2,4,1,1,3,5.44886,1.94243e-05,0.187653,103.067,1620966576,1714380856,1060842,1121977,1.01006,1.01006,121,121,20.6061,199070,ns3::ThompsonSamplingWifiManager,3,0,32,128,85
2,1,1,1,3,50.2707,0.000218785,1.42953,54.2159,852549128,1714380856,557951,1121977,1.0272,1.0272,121,121,122.071,797608,ns3::ThompsonSamplingWifiManager,3,0,32,128,90
2,2,1,1,3,50.5488,0.000221724,1.44028,53.9073,847781768,1714380856,554831,1121977,1.0125,1.0125,120.997,120.997,123.019,799110,ns3::ThompsonSamplingWifiManager,3,0,32,128,90
2,3,1,1,3,4.05935,1.60934e-05,0.124119,104.583,1644788096,1714380856,1076432,1121977,1.01214,1.01214,121,121,17.3235,133606,ns3::ThompsonSamplingWifiManager,3,0,32,128,90
2,4,1,1,3,5.63015,1.97346e-05,0.197916,102.869,1617858624,1714380856,1058808,1121977,1.01008,1.01008,121,121,20.8951,209555,ns3::ThompsonSamplingWifiManager,3,0,32,128,90
2,1,1,1,3,50.4153,0.000220363,1.43442,54.0609,850070712,1714380856,556329,1121977,1.02879,1.02879,120.996,120.996,122.594,798012,ns3::ThompsonSamplingWifiManager,3,0,32,128,95
2,2,1,1,3,50.4285,0.000220235,1.43908,54.0373,849844568,1714380856,556181,1121977,1.0125,1.0125,121,121,122.49,800392,ns3::ThompsonSamplingWifiManager,3,0,32,128,95
2,3,1,1,3,4.06238,1.6104e-05,0.1239,104.58,1644736144,1714380856,1076398,1121977,1.01214,1.01214,121,121,17.3343,133366,ns3::ThompsonSamplingWifiManager,3,0,32,128,95
2,4,1,1,3,5.92891,2.03896e-05,0.210783,102.544,1612736768,1714380856,1055456,1121977,1.01008,1.01008,121,121,21.5203,222473,ns3::ThompsonSamplingWifiManager,3,0,32,128,95
2,1,1,1,3,50.514,0.000221113,1.43645,53.9497,848379216,1714380856,555222,1121977,1.02178,1.02178,120.997,120.997,122.767,797548,ns3::ThompsonSamplingWifiManager,3,0,32,128,100
2,2,1,1,3,50.5237,0.000221262,1.44885,53.9334,848212664,1714380856,555113,1121977,1.01221,1.01221,121,121,122.825,804278,ns3::ThompsonSamplingWifiManager,3,0,32,128,100
2,3,1,1,3,4.04964,1.60857e-05,0.12329,104.594,1644954648,1714380856,1076541,1121977,1.01211,1.01211,121,121,17.3169,132727,ns3::ThompsonSamplingWifiManager,3,0,32,128,100
2,4,1,1,3,6.09175,2.08517e-05,0.221171,102.363,1609945112,1714380856,1053629,1121977,1.00616,1.00616,121,121,21.97,233032,ns3::ThompsonSamplingWifiManager,3,0,32,128,100
2,1,1,1,3,50.3825,0.000219942,1.43025,54.0906,850633016,1714380856,556697,1121977,1.01748,1.01748,120.998,120.998,122.441,796215,ns3::ThompsonSamplingWifiManager,3,0,32,128,105
2,2,1,1,3,50.2249,0.000218564,1.43619,54.2591,853334520,1714380856,558465,1121977,1.01221,1.01221,121,121,122.06,802059,ns3::ThompsonSamplingWifiManager,3,0,32,128,105
2,3,1,1,3,4.05819,1.61123e-05,0.122905,104.585,1644807960,1714380856,1076445,1121977,1.01211,1.01211,121,121,17.344,132301,ns3::ThompsonSamplingWifiManager,3,0,32,128,105
2,4,1,1,3,6.16653,2.1093e-05,0.227287,102.282,1608663120,1714380856,1052790,1121977,1.00616,1.00616,121,121,22.2065,239286,ns3::ThompsonSamplingWifiManager,3,0,32,128,105
2,1,1,1,3,50.5284,0.000221191,1.44004,53.9326,848131680,1714380856,555060,1121977,1.02178,1.02178,121,121,122.774,799307,ns3::ThompsonSamplingWifiManager,3,0,32,128,110
2,2,1,1,3,50.387,0.000220019,1.43693,54.0824,850555088,1714380856,556646,1121977,1.01221,1.01221,121,121,122.472,799859,ns3::ThompsonSamplingWifiManager,3,0,32,128,110
2,3,1,1,3,4.05071,1.60782e-05,0.123587,104.593,1644936312,1714380856,1076529,1121977,1.01211,1.01211,121,121,17.3086,133045,ns3::ThompsonSamplingWifiManager,3,0,32,128,110
2,4,1,1,3,6.3881,2.15938e-05,0.244221,102.04,1604864512,1714380856,1050304,1121977,1.00626,1.00626,121,121,22.6801,256506,ns3::ThompsonSamplingWifiManager,3,0,32,128,110
2,1,1,1,3,63.651,0.000376879,1.82386,39.6298,623159656,1714380856,407827,1121977,1.02914,1.02914,120.998,120.998,153.701,743819,ns3::ThompsonSamplingWifiManager,3,0,32,128,115
2,2,1,1,3,64.6815,0.000394212,1.85557,38.5004,605492920,1714380856,396265,1121977,1.01319,1.01319,121,121,156.212,735297,ns3::ThompsonSamplingWifiManager,3,0,32,128,115
2,3,1,1,3,4.05775,1.60977e-05,0.123282,104.586,1644815600,1714380856,1076450,1121977,1.01284,1.01284,121,121,17.3284,132707,ns3::ThompsonSamplingWifiManager,3,0,32,128,115
2,4,1,1,3,64.4293,0.000389499,1.8486,38.7918,609817160,1714380856,399095,1121977,1.05263,1.05263,120.989,120.989,155.447,737768,ns3::ThompsonSamplingWifiManager,3,0,32,128,115
2,1,1,1,3,63.6912,0.000377829,1.82283,39.5871,622470528,1714380856,407376,1121977,1.02915,1.02915,120.994,120.994,153.918,742577,ns3::ThompsonSamplingWifiManager,3,0,32,128,120
2,2,1,1,3,64.6461,0.000393478,1.85379,38.5391,606101064,1714380856,396663,1121977,1.01319,1.01319,121,121,156.078,735329,ns3::ThompsonSamplingWifiManager,3,0,32,128,120
2,3,1,1,3,4.05837,1.60899e-05,0.124069,104.585,1644804904,1714380856,1076443,1121977,1.01284,1.01284,121,121,17.3198,133553,ns3::ThompsonSamplingWifiManager,3,0,32,128,120
2,4,1,1,3,64.7984,0.00039564,1.86109,38.386,603489712,1714380856,394954,1121977,1.05263,1.05263,120.999,120.999,156.259,735043,ns3::ThompsonSamplingWifiManager,3,0,32,128,120
2,1,1,1,3,63.1658,0.000369414,1.80488,40.158,631478088,1714380856,413271,1121977,1.02906,1.02906,121,121,152.668,745904,ns3::ThompsonSamplingWifiManager,3,0,32,128,125
2,2,1,1,3,65.1254,0.000401571,1.87187,38.022,597883480,1714380856,391285,1121977,1.0132,1.0132,120.983,120.983,157.128,732435,ns3::ThompsonSamplingWifiManager,3,0,32,128,125
2,3,1,1,3,4.05267,1.60727e-05,0.124391,104.591,1644902696,1714380856,1076507,1121977,1.01284,1.01284,121,121,17.3024,133908,ns3::ThompsonSamplingWifiManager,3,0,32,128,125
2,4,1,1,3,65.0249,0.000399146,1.86851,38.1324,599607064,1714380856,392413,1121977,1.02939,1.02939,120.997,120.997,156.63,733227,ns3::ThompsonSamplingWifiManager,3,0,32,128,125
3,1,1,1,3,42.7779,0.00016387,1.34259,62.3906,981005032,1714380856,642019,1121977,1.0343,1.0343,120.996,120.996,105.208,861968,ns3::ThompsonSamplingWifiManager,3,0,32,128,5
3,2,1,1,3,28.6074,9.15478e-05,1.14404,77.8208,1223941752,1714380856,801009,1121977,1.00715,1.00715,121,121,73.3305,916389,ns3::ThompsonSamplingWifiManager,3,0,32,128,5
3,3,1,1,3,37.8612,0.000135182,1.29512,67.7327,1065295624,1714380856,697183,1121977,1.00528,1.00528,121,121,94.2468,902938,ns3::ThompsonSamplingWifiManager,3,0,32,128,5
3,4,1,1,3,4.71792,1.7692e-05,0.149337,103.866,1633497704,1714380856,1069043,1121977,1.01283,1.01283,121,121,18.9135,159647,ns3::ThompsonSamplingWifiManager,3,0,32,128,5
3,1,1,1,3,43.7024,0.000169746,1.33687,61.3835,965155088,1714380856,631646,1121977,1.03899,1.03899,120.999,120.999,107.219,844427,ns3::ThompsonSamplingWifiManager,3,0,32,128,10
3,2,1,1,3,27.6425,8.7593e-05,1.16553,78.8726,1240483880,1714380856,811835,1121977,1.00715,1.00715,121,121,71.111,946218,ns3::ThompsonSamplingWifiManager,3,0,32,128,10
3,3,1,1,3,37.9354,0.000135814,1.29411,67.6519,1064024328,1714380856,696351,1121977,1.00528,1.00528,121,121,94.5737,901157,ns3::ThompsonSamplingWifiManager,3,0,32,128,10
3,4,1,1,3,4.65981,1.74561e-05,0.148867,103.929,1634493960,1714380856,1069695,1121977,1.01283,1.01283,121,121,18.6726,159243,ns3::ThompsonSamplingWifiManager,3,0,32,128,10
3,1,1,1,3,43.4833,0.000168552,1.39999,61.617,968910912,1714380856,634104,1121977,1.02983,1.02983,121,121,106.879,887736,ns3::ThompsonSamplingWifiManager,3,0,32,128,15
3,2,1,1,3,26.0774,8.20624e-05,1.11683,80.5786,1267315560,1714380856,829395,1121977,1.00715,1.00715,121,121,68.062,926290,ns3::ThompsonSamplingWifiManager,3,0,32,128,15
3,3,1,1,3,40.101,0.000147385,1.30869,65.2935,1026896984,1714380856,672053,1121977,1.00528,1.00528,120.996,120.996,99.0501,879507,ns3::ThompsonSamplingWifiManager,3,0,32,128,15
3,4,1,1,3,4.6148,1.74121e-05,0.145265,103.979,1635265600,1714380856,1070200,1121977,1.01279,1.01279,121,121,18.6344,155462,ns3::ThompsonSamplingWifiManager,3,0,32,128,15
3,1,1,1,3,44.5004,0.00017522,1.3481,60.5082,951474904,1714380856,622693,1121977,1.02983,1.02983,121,121,109.108,839455,ns3::ThompsonSamplingWifiManager,3,0,32,128,20
3,2,1,1,3,27.3433,8.64962e-05,1.13254,79.1997,1245613376,1714380856,815192,1121977,1.00715,1.00715,120.998,120.998,70.5109,923239,ns3::ThompsonSamplingWifiManager,3,0,32,128,20
3,3,1,1,3,38.8575,0.000140531,1.30888,66.6467,1048215640,1714380856,686005,1121977,1.00528,1.00528,121,121,96.405,897901,ns3::ThompsonSamplingWifiManager,3,0,32,128,20
3,4,1,1,3,4.61409,1.73615e-05,0.142984,103.979,1635277824,1714380856,1070208,1121977,1.0128,1.0128,121,121,18.5804,153022,ns3::ThompsonSamplingWifiManager,3,0,32,128,20
3,1,1,1,3,44.4436,0.000174652,1.32661,60.5768,952448240,1714380856,623330,1121977,1.04321,1.04321,121,121,108.866,826916,ns3::ThompsonSamplingWifiManager,3,0,32,128,25
3,2,1,1,3,27.1061,8.55143e-05,1.16947,79.4572,1249679384,1714380856,817853,1121977,1.00715,1.00715,121,121,69.938,956456,ns3::ThompsonSamplingWifiManager,3,0,32,128,25
3,3,1,1,3,39.3684,0.000143435,1.30589,66.0921,1039457144,1714380856,680273,1121977,1.00528,1.00528,120.996,120.996,97.5751,888359,ns3::ThompsonSamplingWifiManager,3,0,32,128,25
3,4,1,1,3,4.64965,1.75239e-05,0.155022,103.941,1634668152,1714380856,1069809,1121977,1.01379,1.01379,121,121,18.7472,165844,ns3::ThompsonSamplingWifiManager,3,0,32,128,25
3,1,1,1,3,44.6891,0.000176848,1.3429,60.3028,948240128,1714380856,620576,1121977,1.02983,1.02983,120.999,120.999,109.748,833373,ns3::ThompsonSamplingWifiManager,3,0,32,128,30
3,2,1,1,3,27.429,8.68193e-05,1.13617,79.1053,1244143440,1714380856,814230,1121977,1.00715,1.00715,121,121,70.6908,925100,ns3::ThompsonSamplingWifiManager,3,0,32,128,30
3,3,1,1,3,38.2191,0.000136971,1.30922,67.3456,1059160704,1714380856,693168,1121977,1.00528,1.00528,120.995,120.995,94.9437,907510,ns3::ThompsonSamplingWifiManager,3,0,32,128,30
3,4,1,1,3,4.74716,1.76473e-05,0.1607,103.835,1632996520,1714380856,1068715,1121977,1.01379,1.01379,121,121,18.8599,171742,ns3::ThompsonSamplingWifiManager,3,0,32,128,30
3,1,1,1,3,45.5953,0.000182911,1.39819,59.3155,932703424,1714380856,610408,1121977,1.03014,1.03014,120.998,120.998,111.65,853466,ns3::ThompsonSamplingWifiManager,3,0,32,128,35
3,2,1,1,3,24.8804,7.69941e-05,1.13549,81.8834,1287836600,1714380856,842825,1121977,1.00715,1.00715,121,121,64.8925,957018,ns3::ThompsonSamplingWifiManager,3,0,32,128,35
3,3,1,1,3,40.2167,0.000148646,1.32431,65.1651,1024913640,1714380856,670755,1121977,1.00528,1.00528,121,121,99.7048,888289,ns3::ThompsonSamplingWifiManager,3,0,32,128,35
3,4,1,1,3,4.66569,1.75612e-05,0.156461,103.924,1634393112,1714380856,1069629,1121977,1.01379,1.01379,121,121,18.7839,167355,ns3::ThompsonSamplingWifiManager,3,0,32,128,35
3,1,1,1,3,47.0607,0.000193373,1.37222,57.7184,907581576,1714380856,593967,1121977,1.03066,1.03066,120.998,120.998,114.857,815055,ns3::ThompsonSamplingWifiManager,3,0,32,128,40
3,2,1,1,3,23.4376,7.15698e-05,0.987014,83.456,1312570336,1714380856,859012,1121977,1.00715,1.00715,121,121,61.4793,847857,ns3::ThompsonSamplingWifiManager,3,0,32,128,40
3,3,1,1,3,38.4065,0.000138143,1.31379,67.1383,1055947320,1714380856,691065,1121977,1.00528,1.00528,121,121,95.4657,907917,ns3::ThompsonSamplingWifiManager,3,0,32,128,40
3,4,1,1,3,4.72398,1.76021e-05,0.148205,103.856,1633393800,1714380856,1068975,1121977,1.00934,1.00934,121,121,18.8162,158428,ns3::ThompsonSamplingWifiManager,3,0,32,128,40
3,1,1,1,3,45.9681,0.000185484,1.40229,58.9158,926313328,1714380856,606226,1121977,1.04279,1.04279,120.997,120.997,112.445,850104,ns3::ThompsonSamplingWifiManager,3,0,32,128,45
3,2,1,1,3,23.4611,7.13286e-05,0.996496,83.4304,1312168472,1714380856,858749,1121977,1.0071,1.0071,121,121,61.2533,855740,ns3::ThompsonSamplingWifiManager,3,0,32,128,45
3,3,1,1,3,38.8832,0.00014092,1.30131,66.6188,1047775576,1714380856,685717,1121977,1.00528,1.00528,121,121,96.631,892329,ns3::ThompsonSamplingWifiManager,3,0,32,128,45
3,4,1,1,3,4.79029,1.77938e-05,0.14884,103.784,1632256968,1714380856,1068231,1121977,1.00934,1.00934,121,121,19.0079,158995,ns3::ThompsonSamplingWifiManager,3,0,32,128,45
3,1,1,1,3,46.9862,0.000192966,1.4002,57.8043,908858984,1714380856,594803,1121977,1.04279,1.04279,121,121,114.776,832842,ns3::ThompsonSamplingWifiManager,3,0,32,128,50
3,2,1,1,3,22.3587,6.84214e-05,1.06022,84.6321,1331068304,1714380856,871118,1121977,1.0071,1.0071,121,121,59.603,923578,ns3::ThompsonSamplingWifiManager,3,0,32,128,50
3,3,1,1,3,39.4095,0.000143651,1.29517,66.0479,1038751208,1714380856,679811,1121977,1.00528,1.00528,120.995,120.995,97.6554,880474,ns3::ThompsonSamplingWifiManager,3,0,32,128,50
3,4,1,1,3,4.81088,1.79486e-05,0.151903,103.762,1631904000,1714380856,1068000,1121977,1.00934,1.00934,121,121,19.169,162232,ns3::ThompsonSamplingWifiManager,3,0,32,128,50
3,1,1,1,3,45.7013,0.000183584,1.38116,59.2059,930886632,1714380856,609219,1121977,1.04279,1.04279,120.999,120.999,111.843,841427,ns3::ThompsonSamplingWifiManager,3,0,32,128,55
3,2,1,1,3,22.6541,6.90623e-05,1.00347,84.3101,1326002984,1714380856,867803,1121977,1.0071,1.0071,121,121,59.9324,870812,ns3::ThompsonSamplingWifiManager,3,0,32,128,55
3,3,1,1,3,39.3832,0.000143618,1.31977,66.0737,1039203496,1714380856,680107,1121977,1.00528,1.00528,121,121,97.6754,897588,ns3::ThompsonSamplingWifiManager,3,0,32,128,55
3,4,1,1,3,4.83192,1.79578e-05,0.157392,103.739,1631543392,1714380856,1067764,1121977,1.00934,1.00934,121,121,19.1746,168058,ns3::ThompsonSamplingWifiManager,3,0,32,128,55
3,1,1,1,3,44.6891,0.000176466,1.35755,60.2965,948240128,1714380856,620576,1121977,1.01313,1.01313,120.995,120.995,109.511,842461,ns3::ThompsonSamplingWifiManager,3,0,32,128,60
3,2,1,1,3,22.1723,6.64846e-05,1.03524,84.85,1334263352,1714380856,873209,1121977,1.02791,1.02791,121,121,58.0549,903985,ns3::ThompsonSamplingWifiManager,3,0,32,128,60
3,3,1,1,3,40.4018,0.000149542,1.401,64.9624,1021739984,1714380856,668678,1121977,1.00313,1.00313,121,121,99.995,936821,ns3::ThompsonSamplingWifiManager,3,0,32,128,60
3,4,1,1,3,4.9214,1.81175e-05,0.161442,103.642,1630009280,1714380856,1066760,1121977,1.00935,1.00935,121,121,19.327,172219,ns3::ThompsonSamplingWifiManager,3,0,32,128,60
3,1,1,1,3,43.915,0.000171702,1.37067,61.1379,961510808,1714380856,629261,1121977,1.01313,1.01313,121,121,108.045,862508,ns3::ThompsonSamplingWifiManager,3,0,32,128,65
3,2,1,1,3,24.7102,7.61002e-05,1.13745,82.0809,1290753552,1714380856,844734,1121977,1.02472,1.02472,121,121,64.2844,960840,ns3::ThompsonSamplingWifiManager,3,0,32,128,65
3,3,1,1,3,38.5423,0.00013894,1.2817,66.9912,1053618648,1714380856,689541,1121977,1.00314,1.00314,120.996,120.996,95.805,883784,ns3::ThompsonSamplingWifiManager,3,0,32,128,65
3,4,1,1,3,5.02426,1.84558e-05,0.167142,103.529,1628245968,1714380856,1065606,1121977,1.00935,1.00935,121,121,19.6666,178107,ns3::ThompsonSamplingWifiManager,3,0,32,128,65
3,1,1,1,3,42.3592,0.000161689,1.36754,62.8339,988183576,1714380856,646717,1121977,1.01313,1.01313,121,121,104.567,884413,ns3::ThompsonSamplingWifiManager,3,0,32,128,70
3,2,1,1,3,25.2612,7.86345e-05,1.10014,81.4816,1281307456,1714380856,838552,1121977,1.02412,1.02412,120.997,120.997,65.939,922527,ns3::ThompsonSamplingWifiManager,3,0,32,128,70
3,3,1,1,3,39.2113,0.000142719,1.32655,66.2599,1042149480,1714380856,682035,1121977,1.00314,1.00314,121,121,97.3395,904754,ns3::ThompsonSamplingWifiManager,3,0,32,128,70
3,4,1,1,3,4.98575,1.83091e-05,0.165407,103.571,1628906064,1714380856,1066038,1121977,1.00935,1.00935,121,121,19.5182,176331,ns3::ThompsonSamplingWifiManager,3,0,32,128,70
3,1,1,1,3,50.8903,0.0002247,1.42363,53.5347,841926472,1714380856,550999,1121977,1.01313,1.01313,120.999,120.999,123.809,784418,ns3::ThompsonSamplingWifiManager,3,0,32,128,75
3,2,1,1,3,50.2276,0.000218484,1.44345,54.2663,853288680,1714380856,558435,1121977,1.03466,1.03466,121,121,122.009,806072,ns3::ThompsonSamplingWifiManager,3,0,32,128,75
3,3,1,1,3,4.10793,1.61859e-05,0.126823,104.523,1643955336,1714380856,1075887,1121977,1.00315,1.00315,121,121,17.4141,136448,ns3::ThompsonSamplingWifiManager,3,0,32,128,75
3,4,1,1,3,5.11722,1.84857e-05,0.169776,103.428,1626652264,1714380856,1064563,1121977,1.00935,1.00935,121,121,19.6791,180738,ns3::ThompsonSamplingWifiManager,3,0,32,128,75
3,1,1,1,3,50.6952,0.000222745,1.44156,53.7481,845272792,1714380856,553189,1121977,1.01259,1.01259,120.997,120.997,123.22,797456,ns3::ThompsonSamplingWifiManager,3,0,32,128,80
3,2,1,1,3,50.2921,0.000219169,1.425,54.2008,852182408,1714380856,557711,1121977,1.04549,1.04549,121,121,122.233,794739,ns3::ThompsonSamplingWifiManager,3,0,32,128,80
3,3,1,1,3,4.04313,1.60655e-05,0.123851,104.593,1645066192,1714380856,1076614,1121977,1.00337,1.00337,121,121,17.2963,133340,ns3::ThompsonSamplingWifiManager,3,0,32,128,80
3,4,1,1,3,5.20367,1.87029e-05,0.173688,103.334,1625170104,1714380856,1063593,1121977,1.00958,1.00958,121,121,19.8922,184734,ns3::ThompsonSamplingWifiManager,3,0,32,128,80
3,1,1,1,3,50.4394,0.000220255,1.42849,54.0256,849658152,1714380856,556059,1121977,1.01259,1.01259,121,121,122.474,794327,ns3::ThompsonSamplingWifiManager,3,0,32,128,85
3,2,1,1,3,50.5724,0.000221569,1.43034,53.8966,847376848,1714380856,554566,1121977,1.04374,1.04374,120.995,120.995,122.874,793215,ns3::ThompsonSamplingWifiManager,3,0,32,128,85
3,3,1,1,3,4.0467,1.60728e-05,0.123938,104.59,1645005072,1714380856,1076574,1121977,1.00337,1.00337,121,121,17.3036,133428,ns3::ThompsonSamplingWifiManager,3,0,32,128,85
3,4,1,1,3,5.4494,1.94238e-05,0.186379,103.066,1620957408,1714380856,1060836,1121977,1.00958,1.00958,121,121,20.6054,197718,ns3::ThompsonSamplingWifiManager,3,0,32,128,85
3,1,1,1,3,50.5051,0.000221249,1.44238,53.9551,848530488,1714380856,555321,1121977,1.01259,1.01259,120.997,120.997,122.864,800984,ns3::ThompsonSamplingWifiManager,3,0,32,128,90
3,2,1,1,3,50.2048,0.000218383,1.42822,54.2965,853679848,1714380856,558691,1121977,1.04642,1.04642,121,121,122.008,797932,ns3::ThompsonSamplingWifiManager,3,0,32,128,90
3,3,1,1,3,4.04607,1.60884e-05,0.123045,104.59,1645015768,1714380856,1076581,1121977,1.00338,1.00338,121,121,17.3204,132468,ns3::ThompsonSamplingWifiManager,3,0,32,128,90
3,4,1,1,3,5.64192,1.97555e-05,0.198264,102.856,1617656928,1714380856,1058676,1121977,1.00969,1.00969,121,121,20.9146,209898,ns3::ThompsonSamplingWifiManager,3,0,32,128,90
3,1,1,1,3,50.0791,0.000217323,1.42682,54.4215,855834328,1714380856,560101,1121977,1.01547,1.01547,120.996,120.996,121.722,799166,ns3::ThompsonSamplingWifiManager,3,0,32,128,95
3,2,1,1,3,50.587,0.000221289,1.4258,53.8754,847126256,1714380856,554402,1121977,1.03693,1.03693,121,121,122.683,790469,ns3::ThompsonSamplingWifiManager,3,0,32,128,95
3,3,1,1,3,4.05267,1.60972e-05,0.123193,104.583,1644902696,1714380856,1076507,1121977,1.00338,1.00338,121,121,17.3288,132618,ns3::ThompsonSamplingWifiManager,3,0,32,128,95
3,4,1,1,3,5.93042,2.03953e-05,0.212895,102.542,1612710792,1714380856,1055439,1121977,1.00981,1.00981,121,121,21.526,224697,ns3::ThompsonSamplingWifiManager,3,0,32,128,95
3,1,1,1,3,50.5615,0.000221311,1.43015,53.8928,847564792,1714380856,554689,1121977,1.01357,1.01357,121,121,122.759,793288,ns3::ThompsonSamplingWifiManager,3,0,32,128,100
3,2,1,1,3,50.2545,0.00021881,1.42841,54.246,852827224,1714380856,558133,1121977,1.05407,1.05407,120.999,120.999,122.125,797242,ns3::ThompsonSamplingWifiManager,3,0,32,128,100
3,3,1,1,3,4.04144,1.60662e-05,0.123456,104.595,1645095224,1714380856,1076633,1121977,1.00339,1.00339,121,121,17.2973,132917,ns3::ThompsonSamplingWifiManager,3,0,32,128,100
3,4,1,1,3,6.10859,2.08878e-05,0.222093,102.348,1609656320,1714380856,1053440,1121977,1.01044,1.01044,121,121,22.004,233962,ns3::ThompsonSamplingWifiManager,3,0,32,128,100
3,1,1,1,3,50.1812,0.00021836,1.42613,54.3069,854083240,1714380856,558955,1121977,1.01265,1.01265,121,121,122.053,797145,ns3::ThompsonSamplingWifiManager,3,0,32,128,105
3,2,1,1,3,50.6821,0.000222607,1.4426,53.7796,845497408,1714380856,553336,1121977,1.05012,1.05012,120.996,120.996,123.176,798240,ns3::ThompsonSamplingWifiManager,3,0,32,128,105
3,3,1,1,3,4.05071,1.60959e-05,0.123121,104.585,1644936312,1714380856,1076529,1121977,1.00339,1.00339,121,121,17.3277,132543,ns3::ThompsonSamplingWifiManager,3,0,32,128,105
3,4,1,1,3,6.16875,2.10729e-05,0.225169,102.283,1608624920,1714380856,1052765,1121977,1.01065,1.01065,121,121,22.1848,237050,ns3::ThompsonSamplingWifiManager,3,0,32,128,105
3,1,1,1,3,50.4768,0.000220696,1.42307,53.9861,849016392,1714380856,555639,1121977,1.01265,1.01265,120.997,120.997,122.627,790713,ns3::ThompsonSamplingWifiManager,3,0,32,128,110
3,2,1,1,3,50.4236,0.00022001,1.43887,54.059,849928608,1714380856,556236,1121977,1.04879,1.04879,121,121,122.377,800351,ns3::ThompsonSamplingWifiManager,3,0,32,128,110
3,3,1,1,3,4.05008,1.60886e-05,0.123501,104.586,1644947008,1714380856,1076536,1121977,1.0034,1.0034,121,121,17.3199,132954,ns3::ThompsonSamplingWifiManager,3,0,32,128,110
3,4,1,1,3,6.40468,2.16206e-05,0.245859,102.026,1604580304,1714380856,1050118,1121977,1.01065,1.01065,121,121,22.7042,258181,ns3::ThompsonSamplingWifiManager,3,0,32,128,110
3,1,1,1,3,63.2052,0.000369873,1.80622,40.1135,630802712,1714380856,412829,1121977,1.0147,1.0147,120.99,120.99,152.694,745662,ns3::ThompsonSamplingWifiManager,3,0,32,128,115
3,2,1,1,3,64.356,0.000388244,1.84567,38.8635,611074704,1714380856,399918,1121977,1.03819,1.03819,121,121,155.265,738116,ns3::ThompsonSamplingWifiManager,3,0,32,128,115
3,3,1,1,3,4.04732,1.60744e-05,0.123763,104.589,1644994376,1714380856,1076567,1121977,1.0034,1.0034,121,121,17.3051,133239,ns3::ThompsonSamplingWifiManager,3,0,32,128,115
3,4,1,1,3,65.025,0.000399988,1.8691,38.1385,599605536,1714380856,392412,1121977,1.05169,1.05169,120.999,120.999,156.96,733456,ns3::ThompsonSamplingWifiManager,3,0,32,128,115
3,1,1,1,3,63.2491,0.000371004,1.80849,40.0638,630050936,1714380856,412337,1121977,1.0147,1.0147,120.996,120.996,152.978,745707,ns3::ThompsonSamplingWifiManager,3,0,32,128,120
3,2,1,1,3,64.8898,0.000397735,1.8616,38.2883,601921984,1714380856,393928,1121977,1.03817,1.03817,120.978,120.978,156.678,733335,ns3::ThompsonSamplingWifiManager,3,0,32,128,120
3,3,1,1,3,4.04572,1.60729e-05,0.123672,104.591,1645021880,1714380856,1076585,1121977,1.00341,1.00341,121,121,17.3039,133143,ns3::ThompsonSamplingWifiManager,3,0,32,128,120
3,4,1,1,3,64.8246,0.000396715,1.86002,38.3568,603040480,1714380856,394660,1121977,1.05167,1.05167,121,121,156.567,734074,ns3::ThompsonSamplingWifiManager,3,0,32,128,120
3,1,1,1,3,63.8923,0.000380843,1.83081,39.3613,619023360,1714380856,405120,1121977,1.0147,1.0147,121,121,154.287,741698,ns3::ThompsonSamplingWifiManager,3,0,32,128,125
3,2,1,1,3,64.579,0.000392207,1.85383,38.626,607250120,1714380856,397415,1121977,1.05179,1.05179,120.995,120.995,155.869,736738,ns3::ThompsonSamplingWifiManager,3,0,32,128,125
3,3,1,1,3,4.05507,1.60879e-05,0.124521,104.581,1644861440,1714380856,1076480,1121977,1.00341,1.00341,121,121,17.3183,134044,ns3::ThompsonSamplingWifiManager,3,0,32,128,125
3,4,1,1,3,64.7946,0.000395333,1.85792,38.3904,603553888,1714380856,394996,1121977,1.04536,1.04536,120.991,120.991,156.154,733873,ns3::ThompsonSamplingWifiManager,3,0,32,128,125
1,1,1,1,3,42.9414,0.000164754,1.36205,62.2096,978201152,1714380856,640184,1121977,1.03317,1.03317,121,121,105.473,871965,ns3::ThompsonSamplingWifiManager,3,0,128,128,10
1,2,1,1,3,28.6449,9.17046e-05,1.16102,77.7897,1223298464,1714380856,800588,1121977,1.02238,1.02238,121,121,73.4175,929501,ns3::ThompsonSamplingWifiManager,3,0,128,128,10
1,3,1,1,3,37.9356,0.000135372,1.26992,67.6599,1064019744,1714380856,696348,1121977,1.01414,1.01414,120.994,120.994,94.2656,884306,ns3::ThompsonSamplingWifiManager,3,0,128,128,10
1,4,1,1,3,4.64484,1.74091e-05,0.145908,103.944,1634750664,1714380856,1069863,1121977,1.01053,1.01053,121,121,18.6253,156102,ns3::ThompsonSamplingWifiManager,3,0,128,128,10
1,1,1,1,3,42.3101,0.00016155,1.34778,62.8949,989023976,1714380856,647267,1121977,1.02132,1.02132,120.994,120.994,104.566,872374,ns3::ThompsonSamplingWifiManager,3,0,128,128,5
1,2,1,1,3,29.0133,9.24697e-05,1.16692,77.3881,1216981712,1714380856,796454,1121977,1.02247,1.02247,121,121,73.6478,929402,ns3::ThompsonSamplingWifiManager,3,0,128,128,5
1,3,1,1,3,37.7707,0.00013453,1.2962,67.8353,1066846544,1714380856,698198,1121977,1.01245,1.01245,121,121,93.9282,905001,ns3::ThompsonSamplingWifiManager,3,0,128,128,5
1,4,1,1,3,4.68058,1.748e-05,0.146174,103.905,1634137936,1714380856,1069462,1121977,1.0106,1.0106,121,121,18.6942,156327,ns3::ThompsonSamplingWifiManager,3,0,128,128,5
1,1,1,1,3,43.9692,0.00017149,1.37045,61.0857,960581784,1714380856,628653,1121977,1.01886,1.01886,120.992,120.992,107.807,861538,ns3::ThompsonSamplingWifiManager,3,0,128,128,15
1,2,1,1,3,25.6972,7.93884e-05,0.978913,81.0061,1273832480,1714380856,833660,1121977,1.02661,1.02661,121,121,66.1828,816081,ns3::ThompsonSamplingWifiManager,3,0,128,128,15
1,3,1,1,3,40.0263,0.000147405,1.31355,65.3775,1028177448,1714380856,672891,1121977,1.01414,1.01414,121,121,99.1877,883879,ns3::ThompsonSamplingWifiManager,3,0,128,128,15
1,4,1,1,3,4.5984,1.73609e-05,0.147353,103.994,1635546752,1714380856,1070384,1121977,1.01053,1.01053,121,121,18.5828,157725,ns3::ThompsonSamplingWifiManager,3,0,128,128,15
1,1,1,1,3,43.4101,0.000168016,1.35982,61.6917,970166928,1714380856,634926,1121977,1.01855,1.01855,120.999,120.999,106.677,863386,ns3::ThompsonSamplingWifiManager,3,0,128,128,20
1,2,1,1,3,27.2319,8.69367e-05,1.03859,79.3355,1247521848,1714380856,816441,1121977,1.03045,1.03045,121,121,70.9786,847944,ns3::ThompsonSamplingWifiManager,3,0,128,128,20
1,3,1,1,3,39.8452,0.000146241,1.32934,65.5749,1031282344,1714380856,674923,1121977,1.01414,1.01414,121,121,98.7014,897201,ns3::ThompsonSamplingWifiManager,3,0,128,128,20
1,4,1,1,3,4.63254,1.73879e-05,0.146423,103.957,1634961528,1714380856,1070001,1121977,1.01053,1.01053,121,121,18.6051,156673,ns3::ThompsonSamplingWifiManager,3,0,128,128,20
1,1,1,1,3,45.9279,0.000185234,1.3796,58.9527,927002456,1714380856,606677,1121977,1.02898,1.02898,120.997,120.997,112.377,836971,ns3::ThompsonSamplingWifiManager,3,0,128,128,25
1,2,1,1,3,25.7075,7.99615e-05,1.13728,80.9909,1273656760,1714380856,833545,1121977,1.02074,1.02074,121,121,66.6514,947974,ns3::ThompsonSamplingWifiManager,3,0,128,128,25
1,3,1,1,3,39.3375,0.000143168,1.27493,66.1274,1039985832,1714380856,680619,1121977,1.01245,1.01245,121,121,97.443,867738,ns3::ThompsonSamplingWifiManager,3,0,128,128,25
1,4,1,1,3,4.5443,1.71681e-05,0.144736,104.053,1636474248,1714380856,1070991,1121977,1.01053,1.01053,121,121,18.3869,155011,ns3::ThompsonSamplingWifiManager,3,0,128,128,25
1,1,1,1,3,44.4068,0.000174635,1.34916,60.6134,953079304,1714380856,623743,1121977,1.03269,1.03269,120.997,120.997,108.927,841527,ns3::ThompsonSamplingWifiManager,3,0,128,128,30
1,2,1,1,3,27.1247,8.58048e-05,1.13453,79.4446,1249360032,1714380856,817644,1121977,1.01867,1.01867,121,121,70.1577,927645,ns3::ThompsonSamplingWifiManager,3,0,128,128,30
1,3,1,1,3,38.9365,0.000140727,1.30661,66.5655,1046860304,1714380856,685118,1121977,1.01429,1.01429,121,121,96.4147,895185,ns3::ThompsonSamplingWifiManager,3,0,128,128,30
1,4,1,1,3,4.62683,1.75084e-05,0.149549,103.963,1635059320,1714380856,1070065,1121977,1.01053,1.01053,121,121,18.7351,160028,ns3::ThompsonSamplingWifiManager,3,0,128,128,30
1,1,1,1,3,45.6247,0.000183171,1.39281,59.2809,932199184,1714380856,610078,1121977,1.02686,1.02686,121,121,111.749,849725,ns3::ThompsonSamplingWifiManager,3,0,128,128,35
1,2,1,1,3,24.7172,7.67605e-05,1.10644,82.0692,1290634368,1714380856,844656,1121977,1.01867,1.01867,121,121,64.8361,934561,ns3::ThompsonSamplingWifiManager,3,0,128,128,35
1,3,1,1,3,39.8189,0.000146224,1.31232,65.6037,1031733104,1714380856,675218,1121977,1.01429,1.01429,121,121,98.7326,886103,ns3::ThompsonSamplingWifiManager,3,0,128,128,35
1,4,1,1,3,4.58084,1.72715e-05,0.143531,104.014,1635847768,1714380856,1070581,1121977,1.01053,1.01053,121,121,18.4905,153662,ns3::ThompsonSamplingWifiManager,3,0,128,128,35
1,1,1,1,3,46.9002,0.000192597,1.40773,57.8909,910331976,1714380856,595767,1121977,1.02806,1.02806,121,121,114.743,838679,ns3::ThompsonSamplingWifiManager,3,0,128,128,40
1,2,1,1,3,23.4,7.19617e-05,1.05071,83.5094,1313215152,1714380856,859434,1121977,1.02188,1.02188,120.997,120.997,61.8462,903017,ns3::ThompsonSamplingWifiManager,3,0,128,128,40
1,3,1,1,3,38.6894,0.00013994,1.28702,66.8339,1051097448,1714380856,687891,1121977,1.01245,1.01245,121,121,96.2635,885331,ns3::ThompsonSamplingWifiManager,3,0,128,128,40
1,4,1,1,3,4.73165,1.77698e-05,0.15311,103.849,1633262392,1714380856,1068889,1121977,1.01069,1.01069,121,121,18.9939,163658,ns3::ThompsonSamplingWifiManager,3,0,128,128,40
1,1,1,1,3,46.2108,0.000187558,1.38723,58.6419,922151056,1714380856,603502,1121977,1.02689,1.02689,121,121,113.191,837198,ns3::ThompsonSamplingWifiManager,3,0,128,128,45
1,2,1,1,3,23.1822,7.09181e-05,1.07051,83.7446,1316949584,1714380856,861878,1121977,1.02023,1.02023,120.998,120.998,61.1227,922649,ns3::ThompsonSamplingWifiManager,3,0,128,128,45
1,3,1,1,3,39.2072,0.000142979,1.34144,66.2695,1042219768,1714380856,682081,1121977,1.01245,1.01245,121,121,97.5234,914974,ns3::ThompsonSamplingWifiManager,3,0,128,128,45
1,4,1,1,3,4.78406,1.78198e-05,0.154267,103.792,1632363928,1714380856,1068301,1121977,1.01069,1.01069,121,121,19.0369,164804,ns3::ThompsonSamplingWifiManager,3,0,128,128,45
1,1,1,1,3,46.6286,0.000190516,1.38744,58.1877,914989320,1714380856,598815,1121977,1.02689,1.02689,120.997,120.997,114.084,830818,ns3::ThompsonSamplingWifiManager,3,0,128,128,50
1,2,1,1,3,21.8216,6.61252e-05,1.00665,85.2268,1340276032,1714380856,877144,1121977,1.02023,1.02023,121,121,58.0013,882977,ns3::ThompsonSamplingWifiManager,3,0,128,128,50
1,3,1,1,3,39.6396,0.000145185,1.33323,65.7981,1034807440,1714380856,677230,1121977,1.01245,1.01245,121,121,98.3235,902902,ns3::ThompsonSamplingWifiManager,3,0,128,128,50
1,4,1,1,3,4.78985,1.78198e-05,0.153169,103.786,1632264608,1714380856,1068236,1121977,1.01069,1.01069,121,121,19.0357,163621,ns3::ThompsonSamplingWifiManager,3,0,128,128,50
1,1,1,1,3,46.2895,0.00018813,1.39031,58.5608,920801832,1714380856,602619,1121977,1.03396,1.03396,120.998,120.998,113.371,837824,ns3::ThompsonSamplingWifiManager,3,0,128,128,55
1,2,1,1,3,21.5651,6.46639e-05,0.984726,85.5059,1344672088,1714380856,880021,1121977,1.01954,1.01954,121,121,56.9055,866580,ns3::ThompsonSamplingWifiManager,3,0,128,128,55
1,3,1,1,3,40.2944,0.000149252,1.32212,65.0843,1023581224,1714380856,669883,1121977,1.01245,1.01245,121,121,99.9813,885669,ns3::ThompsonSamplingWifiManager,3,0,128,128,55
1,4,1,1,3,4.82764,1.7898e-05,0.152868,103.745,1631616736,1714380856,1067812,1121977,1.01069,1.01069,121,121,19.1117,163234,ns3::ThompsonSamplingWifiManager,3,0,128,128,55
1,1,1,1,3,45.382,0.000181649,1.3686,59.5522,936359928,1714380856,612801,1121977,1.04047,1.04047,121,121,111.314,838682,ns3::ThompsonSamplingWifiManager,3,0,128,128,60
1,2,1,1,3,21.3212,6.45117e-05,0.983277,85.7712,1348854224,1714380856,882758,1121977,1.01852,1.01852,121,121,56.9481,867996,ns3::ThompsonSamplingWifiManager,3,0,128,128,60
1,3,1,1,3,40.4178,0.00014953,1.32758,64.9517,1021466472,1714380856,668499,1121977,1.01283,1.01283,120.997,120.997,99.9606,887485,ns3::ThompsonSamplingWifiManager,3,0,128,128,60
1,4,1,1,3,4.92844,1.82238e-05,0.161143,103.635,1629888568,1714380856,1066681,1121977,1.01071,1.01071,121,121,19.4389,171889,ns3::ThompsonSamplingWifiManager,3,0,128,128,60
1,1,1,1,3,43.0227,0.000165357,1.3577,62.1324,976807616,1714380856,639272,1121977,1.05313,1.05313,120.998,120.998,105.708,867939,ns3::ThompsonSamplingWifiManager,3,0,128,128,65
1,2,1,1,3,24.528,7.64984e-05,1.07842,82.2753,1293878312,1714380856,846779,1121977,1.01852,1.01852,121,121,64.7771,913180,ns3::ThompsonSamplingWifiManager,3,0,128,128,65
1,3,1,1,3,39.2286,0.000142931,1.29578,66.2463,1041853048,1714380856,681841,1121977,1.01284,1.01284,121,121,97.4561,883515,ns3::ThompsonSamplingWifiManager,3,0,128,128,65
1,4,1,1,3,5.01739,1.82796e-05,0.167405,103.538,1628363624,1714380856,1065683,1121977,1.01071,1.01071,121,121,19.4802,178401,ns3::ThompsonSamplingWifiManager,3,0,128,128,65
1,1,1,1,3,43.2383,0.000166771,1.36571,61.8796,973111384,1714380856,636853,1121977,1.01924,1.01924,120.998,120.998,106.209,869754,ns3::ThompsonSamplingWifiManager,3,0,128,128,70
1,2,1,1,3,23.8073,7.3579e-05,1.07003,83.0728,1306233720,1714380856,854865,1121977,1.0357,1.0357,121,121,62.9,914731,ns3::ThompsonSamplingWifiManager,3,0,128,128,70
1,3,1,1,3,40.1216,0.000147645,1.33063,65.2728,1026544016,1714380856,671822,1121977,1.01264,1.01264,121,121,99.1909,893945,ns3::ThompsonSamplingWifiManager,3,0,128,128,70
1,4,1,1,3,5.0928,1.84658e-05,0.178971,103.464,1627070936,1714380856,1064837,1121977,1.01979,1.01979,121,121,19.6631,190575,ns3::ThompsonSamplingWifiManager,3,0,128,128,70
1,1,1,1,3,50.5391,0.000221221,1.42402,53.9213,847948320,1714380856,554940,1121977,1.0227,1.0227,121,121,122.764,790243,ns3::ThompsonSamplingWifiManager,3,0,128,128,75
1,2,1,1,3,50.3416,0.000219603,1.42938,54.1439,851334368,1714380856,557156,1121977,1.03872,1.03872,121,121,122.353,796387,ns3::ThompsonSamplingWifiManager,3,0,128,128,75
1,3,1,1,3,4.11497,1.62027e-05,0.125759,104.523,1643834624,1714380856,1075808,1121977,1.01264,1.01264,121,121,17.431,135292,ns3::ThompsonSamplingWifiManager,3,0,128,128,75
1,4,1,1,3,5.12702,1.85083e-05,0.169996,103.425,1626484184,1714380856,1064453,1121977,1.0189,1.0189,121,121,19.7011,180953,ns3::ThompsonSamplingWifiManager,3,0,128,128,75
1,1,1,1,3,50.4116,0.000220291,1.44307,54.0615,850133360,1714380856,556370,1121977,1.01959,1.01959,120.994,120.994,122.563,802880,ns3::ThompsonSamplingWifiManager,3,0,128,128,80
1,2,1,1,3,50.1549,0.000218175,1.42628,54.3491,854534000,1714380856,559250,1121977,1.04251,1.04251,121,121,122.014,797648,ns3::ThompsonSamplingWifiManager,3,0,128,128,80
1,3,1,1,3,4.05855,1.60988e-05,0.124101,104.581,1644801848,1714380856,1076441,1121977,1.00854,1.00854,121,121,17.3294,133587,ns3::ThompsonSamplingWifiManager,3,0,128,128,80
1,4,1,1,3,5.19939,1.86832e-05,0.173349,103.34,1625243448,1714380856,1063641,1121977,1.01108,1.01108,121,121,19.8722,184381,ns3::ThompsonSamplingWifiManager,3,0,128,128,80
1,1,1,1,3,50.5047,0.000220991,1.44804,53.958,848538128,1714380856,555326,1121977,1.02084,1.02084,121,121,122.722,804137,ns3::ThompsonSamplingWifiManager,3,0,128,128,85
1,2,1,1,3,50.2764,0.000219159,1.42169,54.2181,852451336,1714380856,557887,1121977,1.03869,1.03869,120.993,120.993,122.266,793144,ns3::ThompsonSamplingWifiManager,3,0,128,128,85
1,3,1,1,3,4.05213,1.60837e-05,0.123929,104.588,1644911864,1714380856,1076513,1121977,1.00854,1.00854,121,121,17.3143,133411,ns3::ThompsonSamplingWifiManager,3,0,128,128,85
1,4,1,1,3,5.44138,1.93922e-05,0.185761,103.08,1621094928,1714380856,1060926,1121977,1.01559,1.01559,121,121,20.5737,197078,ns3::ThompsonSamplingWifiManager,3,0,128,128,85
1,1,1,1,3,50.5651,0.00022131,1.4311,53.8938,847502144,1714380856,554648,1121977,1.02084,1.02084,120.996,120.996,122.749,793758,ns3::ThompsonSamplingWifiManager,3,0,128,128,90
1,2,1,1,3,50.2918,0.00021926,1.44581,54.1982,852188520,1714380856,557715,1121977,1.0387,1.0387,121,121,122.285,806352,ns3::ThompsonSamplingWifiManager,3,0,128,128,90
1,3,1,1,3,4.05944,1.60982e-05,0.124078,104.58,1644786568,1714380856,1076431,1121977,1.00854,1.00854,121,121,17.3286,133562,ns3::ThompsonSamplingWifiManager,3,0,128,128,90
1,4,1,1,3,5.62578,1.9728e-05,0.197309,102.879,1617933496,1714380856,1058857,1121977,1.0156,1.0156,121,121,20.8891,208922,ns3::ThompsonSamplingWifiManager,3,0,128,128,90
1,1,1,1,3,50.4148,0.000220347,1.4389,54.0561,850079880,1714380856,556335,1121977,1.02085,1.02085,121,121,122.587,800512,ns3::ThompsonSamplingWifiManager,3,0,128,128,95
1,2,1,1,3,50.503,0.000220761,1.42261,53.9703,848567160,1714380856,555345,1121977,1.0387,1.0387,120.995,120.995,122.598,790037,ns3::ThompsonSamplingWifiManager,3,0,128,128,95
1,3,1,1,3,4.06069,1.60929e-05,0.124944,104.579,1644765176,1714380856,1076417,1121977,1.00854,1.00854,121,121,17.3226,134492,ns3::ThompsonSamplingWifiManager,3,0,128,128,95
1,4,1,1,3,5.93274,2.03978e-05,0.212843,102.544,1612671064,1714380856,1055413,1121977,1.01561,1.01561,121,121,21.5281,224638,ns3::ThompsonSamplingWifiManager,3,0,128,128,95
